,Moive Name,Rating,Votes,Meta Score,Genre,PG Rating,Year,Duration,Cast,Director
0, Argylle,6.0,23000.0,35,"Action, Thriller",NA,NA,NA,"Henry Cavill, Bryce Dallas Howard, Sam Rockwell, Bryan Cranston",Matthew Vaughn
1, The Beekeeper,6.4,51000.0,54,"Action, Thriller",NA,NA,NA,"Jason Statham, Emmy Raver-Lampman, Bobby Naderi, Josh Hutcherson",David Ayer
2, A Quiet Place: Day One,NA,NA,NA,NA,NA,NA,NA,NA,NA
3, Miller's Girl,5.3,2400.0,41,"Comedy, Drama",NA,NA,NA,"Martin Freeman, Jenna Ortega, Bashir Salahuddin, Gideon Adlon",Jade Halley Bartlett
4, Orion and the Dark,6.4,7400.0,72,"Animation, Adventure, Comedy",NA,NA,NA,"Jacob Tremblay, Paul Walter Hauser, Colin Hanks, Mia Akemi Brown",Sean Charmatz
5, Madame Web,3.8,13000.0,27,"Action, Adventure, Sci-Fi",NA,NA,NA,"Dakota Johnson, Sydney Sweeney, Isabela Merced, Celeste O'Connor",S.J. Clarkson
6, Dune: Part Two,NA,NA,NA,NA,NA,NA,NA,NA,NA
7, The Ministry of Ungentlemanly Warfare,NA,NA,NA,NA,NA,NA,NA,NA,NA
8, Lisa Frankenstein,6.6,2800.0,47,"Comedy, Horror, Romance",NA,NA,NA,"Kathryn Newton, Liza Soberano, Jenna Davis, Trina LaFargue",Zelda Williams
9, Aquaman and the Lost Kingdom,5.7,56000.0,42,"Action, Adventure, Fantasy",NA,NA,NA,"Jason Momoa, Patrick Wilson, Yahya Abdul-Mateen II, Amber Heard",James Wan
10, Upgraded,6.1,6800.0,59,"Comedy, Romance",NA,NA,NA,"Camila Mendes, Archie Renaux, Marisa Tomei, Lena Olin",Carlson Young
11, IF,NA,NA,NA,NA,NA,NA,NA,NA,NA
12, Mean Girls,6.2,14000.0,58,"Comedy, Musical",NA,NA,NA,"Angourie Rice, Reneé Rapp, Auli'i Cravalho, Jaquel Spivey",Samantha JayneArturo Perez Jr.
13, Love Lies Bleeding,NA,NA,76,"Action, Adventure, Crime",NA,NA,NA,"Anna Baryshnikov, Kristen Stewart, Dave Franco, Katy O'Brian",Rose Glass
14, Bob Marley: One Love,6.6,3800.0,43,"Biography, Drama, Music",NA,NA,NA,"Kingsley Ben-Adir, Lashana Lynch, James Norton, Tosin Cole",Reinaldo Marcus Green
15, Deadpool & Wolverine,NA,NA,NA,NA,NA,NA,NA,NA,NA
16, Lift,5.5,32000.0,40,"Action, Comedy, Crime",NA,NA,NA,"Kevin Hart, Gugu Mbatha-Raw, Sam Worthington, Vincent D'Onofrio",F. Gary Gray
17, Road House,NA,NA,NA,NA,NA,NA,NA,NA,NA
18, Drive-Away Dolls,NA,NA,NA,NA,NA,NA,NA,NA,NA
19, Longlegs,NA,NA,NA,NA,NA,NA,NA,NA,NA
20, Suncoast,6.6,2300.0,61,Drama,NA,NA,NA,"Nico Parker, Laura Linney, Woody Harrelson, Daniella Taylor",Laura Chinn
21, Megalopolis,NA,NA,NA,NA,NA,NA,NA,NA,NA
22, The Tiger's Apprentice,5.6,853.0,55,"Animation, Action, Adventure",NA,NA,NA,"Henry Golding, Brandon Soo Hoo, Lucy Liu, Sandra Oh",Raman HuiYong Duk JhunPaul Watling
23, Beetlejuice 2,NA,NA,NA,NA,NA,NA,NA,NA,NA
24, Ghostbusters: Frozen Empire,NA,NA,NA,NA,NA,NA,NA,NA,NA
25, Night Swim,4.7,11000.0,43,"Horror, Thriller",NA,NA,NA,"Wyatt Russell, Kerry Condon, Amélie Hoeferle, Gavin Warren",Bryce McGuire
26, Sonic the Hedgehog 3,NA,NA,NA,NA,NA,NA,NA,NA,NA
27, Joker: Folie à Deux,NA,NA,NA,NA,NA,NA,NA,NA,NA
28, The Greatest Night in Pop,8.0,7400.0,69,"Documentary, Music",NA,NA,NA,"Lionel Richie, Harriet Sternberg, Wendy Rees, Harry Belafonte",Bao Nguyen
29, The Underdoggs,5.5,2900.0,39,"Comedy, Sport",NA,NA,NA,"Snoop Dogg, Tika Sumpter, Mike Epps, Elias Ferguson",Charles Stone III
30, The Last Girl,4.5,670.0,NA,NA,NA,NA,NA,NA,NA
31, Bosco,4.6,609.0,NA,NA,NA,NA,NA,NA,NA
32, Despicable Me 4,NA,NA,NA,NA,NA,NA,NA,NA,NA
33, Gladiator 2,NA,NA,NA,NA,NA,NA,NA,NA,NA
34, BC Project,NA,NA,NA,NA,NA,NA,NA,NA,NA
35, Winnie-the-Pooh: Blood and Honey 2,NA,NA,NA,NA,NA,NA,NA,NA,NA
36, Back to Black,NA,NA,NA,NA,NA,NA,NA,NA,NA
37, Imaginary,NA,NA,NA,NA,NA,NA,NA,NA,NA
38, Godzilla x Kong: The New Empire,NA,NA,NA,NA,NA,NA,NA,NA,NA
39, Code 8: Part II,NA,NA,NA,NA,NA,NA,NA,NA,NA
40, Twisters,NA,NA,NA,NA,NA,NA,NA,NA,NA
41, Alien: Romulus,NA,NA,NA,NA,NA,NA,NA,NA,NA
42, The Lord of the Rings: The War of the Rohirrim,NA,NA,NA,NA,NA,NA,NA,NA,NA
43, Lola James,5.2,84.0,NA,NA,NA,NA,NA,NA,NA
44, Furiosa: A Mad Max Saga,NA,NA,NA,NA,NA,NA,NA,NA,NA
45, They Called Him Mostly Harmless,5.9,894.0,NA,NA,NA,NA,NA,NA,NA
46, Baghead,5.4,900.0,NA,NA,NA,NA,NA,NA,NA
47, Moana,NA,NA,NA,NA,NA,NA,NA,NA,NA
48, Kingdom of the Planet of the Apes,NA,NA,NA,NA,NA,NA,NA,NA,NA
49, No Way Up,4.6,727.0,NA,NA,NA,NA,NA,NA,NA
50, Monkey Man,NA,NA,NA,NA,NA,NA,NA,NA,NA
51, Civil War,NA,NA,NA,NA,NA,NA,NA,NA,NA
52, Inside Out 2,NA,NA,NA,NA,NA,NA,NA,NA,NA
53, Wicked,NA,NA,NA,NA,NA,NA,NA,NA,NA
54, Force of Nature: The Dry 2,6.6,396.0,NA,NA,NA,NA,NA,NA,NA
55, The Fantastic Four,NA,NA,NA,NA,NA,NA,NA,NA,NA
56, Calamity Jane,4.1,365.0,NA,NA,NA,NA,NA,NA,NA
57," Lover, Stalker, Killer",7.0,4300.0,NA,NA,NA,NA,NA,NA,NA
58, Nosferatu,NA,NA,NA,NA,NA,NA,NA,NA,NA
59, Land of Bad,6.5,1400.0,57,"Action, Thriller",NA,NA,NA,"Liam Hemsworth, Luke Hemsworth, Ricky Whittle, Chika Ikogwe",William Eubank
60, The Fall Guy,NA,NA,NA,NA,NA,NA,NA,NA,NA
61, Good Grief,6.4,8700.0,59,"Comedy, Drama, Romance",NA,NA,NA,"Dan Levy, Ruth Negga, Himesh Patel, Luke Evans",Dan Levy
62, Abigail,NA,NA,NA,NA,NA,NA,NA,NA,NA
63, Kraven the Hunter,NA,NA,NA,NA,NA,NA,NA,NA,NA
64, The Movie Critic,NA,NA,NA,NA,NA,NA,NA,NA,NA
65, Borderlands,NA,NA,NA,NA,NA,NA,NA,NA,NA
66, Spider-Man: Beyond the Spider-Verse,NA,NA,NA,NA,NA,NA,NA,NA,NA
67, Justice League: Crisis on Infinite Earths - Part One,6.3,3000.0,NA,NA,NA,NA,NA,NA,NA
68, American Star,5.3,863.0,68,Thriller,NA,NA,NA,"Ian McShane, Nora Arnezeder, Oscar Coleman, Pedro Alberto Galindo",Gonzalo López-Gallego
69, Mortal Kombat 2,NA,NA,NA,NA,NA,NA,NA,NA,NA
70, Ordinary Angels,NA,NA,NA,NA,NA,NA,NA,NA,NA
71, Superman: Legacy,NA,NA,NA,NA,NA,NA,NA,NA,NA
72, This Is Me... Now,5.3,1200.0,63,"Music, Musical",NA,NA,NA,"Jennifer Lopez, Fat Joe, Jane Fonda, Ben Affleck",Dave Meyers
73, Challengers,NA,NA,NA,NA,NA,NA,NA,NA,NA
74, How to Train Your Dragon,NA,NA,NA,NA,NA,NA,NA,NA,NA
75, Unfrosted: The Pop-Tart Story,NA,NA,NA,NA,NA,NA,NA,NA,NA
76, Transformers One,NA,NA,NA,NA,NA,NA,NA,NA,NA
77, Beautiful Wedding,4.0,382.0,NA,NA,NA,NA,NA,NA,NA
78, Skeletons in the Closet,3.3,228.0,NA,NA,NA,NA,NA,NA,NA
79, Bad Boys 4,NA,NA,NA,NA,NA,NA,NA,NA,NA
80, Immaculate,NA,NA,NA,NA,NA,NA,NA,NA,NA
81, Constantine 2,NA,NA,NA,NA,NA,NA,NA,NA,NA
82, Mission: Impossible - Dead Reckoning Part Two,NA,NA,NA,NA,NA,NA,NA,NA,NA
83, Snatched a Billionaire to be My Husband,8.6,191.0,NA,NA,NA,NA,NA,NA,NA
84, Damsel,NA,NA,NA,NA,NA,NA,NA,NA,NA
85, Cabrini,NA,NA,NA,NA,NA,NA,NA,NA,NA
86, The Thundermans Return,NA,NA,NA,NA,NA,NA,NA,NA,NA
87, Players,5.6,2700.0,51,"Comedy, Romance",NA,NA,NA,"Gina Rodriguez, Damon Wayans Jr., Tom Ellis, Augustus Prew",Trish Sie
88, The Private Eye,7.5,64.0,NA,NA,NA,NA,NA,NA,NA
89, Mufasa: The Lion King,NA,NA,NA,NA,NA,NA,NA,NA,NA
90, Beverly Hills Cop: Axel F,NA,NA,NA,NA,NA,NA,NA,NA,NA
91, The Batman Part II,NA,NA,NA,NA,NA,NA,NA,NA,NA
92, Kinds of Kindness,NA,NA,NA,NA,NA,NA,NA,NA,NA
93, MaXXXine,NA,NA,NA,NA,NA,NA,NA,NA,NA
94, Wanted Man,4.7,526.0,NA,NA,NA,NA,NA,NA,NA
95, Captain America: Brave New World,NA,NA,NA,NA,NA,NA,NA,NA,NA
96, Tarot,NA,NA,NA,NA,NA,NA,NA,NA,NA
97, The Garfield Movie,NA,NA,NA,NA,NA,NA,NA,NA,NA
98, Megamind vs. The Doom Syndicate,NA,NA,NA,NA,NA,NA,NA,NA,NA
99, Irish Wish,NA,NA,NA,NA,NA,NA,NA,NA,NA
100, Ricky Stanicky,NA,NA,NA,NA,NA,NA,NA,NA,NA
101, A Different Man,7.5,155.0,73,Thriller,NA,NA,NA,"Sebastian Stan, Miles G. Jackson, Patrick Wang, Neal Davidson",Aaron Schimberg
102, One More Shot,5.5,1500.0,NA,NA,NA,NA,NA,NA,NA
103, Ballerina,NA,NA,NA,NA,NA,NA,NA,NA,NA
104, Spaceman,NA,NA,NA,NA,NA,NA,NA,NA,NA
105, Ponyboi,6.6,137.0,NA,NA,NA,NA,NA,NA,NA
106, The Painter,4.6,760.0,NA,NA,NA,NA,NA,NA,NA
107, Snow White,NA,NA,NA,NA,NA,NA,NA,NA,NA
108, Sasquatch Sunset,6.8,55.0,71,"Action, Adventure, Comedy",NA,NA,NA,"Jesse Eisenberg, Riley Keough, Christophe Zajac-Denek, Nathan Zellner",David ZellnerNathan Zellner
109, Cuckoo,6.3,80.0,NA,NA,NA,NA,NA,NA,NA
110, Jurassic World 4,NA,NA,NA,NA,NA,NA,NA,NA,NA
111, Venom 3,NA,NA,NA,NA,NA,NA,NA,NA,NA
112, SNL 1975,NA,NA,NA,NA,NA,NA,NA,NA,NA
113, The Conjuring: Last Rites,NA,NA,NA,NA,NA,NA,NA,NA,NA
114, Wolfs,NA,NA,NA,NA,NA,NA,NA,NA,NA
115, Red One,NA,NA,NA,NA,NA,NA,NA,NA,NA
116, Minecraft,NA,NA,NA,NA,NA,NA,NA,NA,NA
117, The Watchers,NA,NA,NA,NA,NA,NA,NA,NA,NA
118, Coyote vs. Acme,NA,NA,NA,NA,NA,NA,NA,NA,NA
119, The Union,NA,NA,NA,NA,NA,NA,NA,NA,NA
120, Moana 2,NA,NA,NA,NA,NA,NA,NA,NA,NA
121, Arthur the King,NA,NA,NA,NA,NA,NA,NA,NA,NA
122, The First Omen,NA,NA,NA,NA,NA,NA,NA,NA,NA
123, Fast X: Part 2,NA,NA,NA,NA,NA,NA,NA,NA,NA
124, Race for Glory: Audi vs. Lancia,5.8,1600.0,51,"Biography, Drama, Sport",NA,NA,NA,"Haley Bennett, Daniel Brühl, Riccardo Scamarcio, Volker Bruch",Stefano Mordini
125, Peter Five Eight,NA,NA,NA,NA,NA,NA,NA,NA,NA
126, Michael,NA,NA,NA,NA,NA,NA,NA,NA,NA
127, A Real Pain,7.4,215.0,84,"Comedy, Drama",NA,NA,NA,"Kieran Culkin, Jesse Eisenberg, Olha Bosova, Banner Eisenberg",Jesse Eisenberg
128, Horizon: An American Saga,NA,NA,NA,NA,NA,NA,NA,NA,NA
129, Mothers' Instinct,7.5,76.0,NA,NA,NA,NA,NA,NA,NA
130, The Idea of You,NA,NA,NA,NA,NA,NA,NA,NA,NA
131, Blade,NA,NA,NA,NA,NA,NA,NA,NA,NA
132, Avatar 3,NA,NA,NA,NA,NA,NA,NA,NA,NA
133, Terrifier 3,NA,NA,NA,NA,NA,NA,NA,NA,NA
134, Rebel Moon - Part Two: The Scargiver,NA,NA,NA,NA,NA,NA,NA,NA,NA
135, The American Society of Magical Negroes,NA,NA,54,"Comedy, Fantasy",NA,NA,NA,"Justice Smith, Zachary Barton, Anthony Coons, Robbie Troy",Kobi Libii
136, The Old Guard 2,NA,NA,NA,NA,NA,NA,NA,NA,NA
137, Love Me,6.0,197.0,54,"Drama, Sci-Fi",NA,NA,NA,"Kristen Stewart, Steven Yeun",Sam & Andy Zuchero
138, Frankenstein,NA,NA,NA,NA,NA,NA,NA,NA,NA
139, The Strangers: Chapter 1,NA,NA,NA,NA,NA,NA,NA,NA,NA
140, Smile 2,NA,NA,NA,NA,NA,NA,NA,NA,NA
141, Peter Pan's Neverland Nightmare,NA,NA,NA,NA,NA,NA,NA,NA,NA
142, Lethal Weapon 5,NA,NA,NA,NA,NA,NA,NA,NA,NA
143, Havoc,NA,NA,NA,NA,NA,NA,NA,NA,NA
144, The Outrun,8.7,69.0,70,Drama,NA,NA,NA,"Saoirse Ronan, Saskia Reeves, Stephen Dillane, Nabil Elouahabi",Nora Fingscheidt
145, 28 Years Later,NA,NA,NA,NA,NA,NA,NA,NA,NA
146, Avengers: The Kang Dynasty,NA,NA,NA,NA,NA,NA,NA,NA,NA
147, Sunrise,3.7,449.0,NA,NA,NA,NA,NA,NA,NA
148, Freaky Tales,7.4,116.0,58,"Adventure, Comedy, Drama",NA,NA,NA,"Pedro Pascal, Tom Hanks, Ben Mendelsohn, Ji-young Yoo",Anna BodenRyan Fleck
149, The Vampire Next Door,4.5,282.0,NA,NA,NA,NA,NA,NA,NA
150, Sherlock Holmes 3,NA,NA,NA,NA,NA,NA,NA,NA,NA
151, In a Violent Nature,7.8,37.0,NA,NA,NA,NA,NA,NA,NA
152, Air Force One Down,4.3,568.0,NA,NA,NA,NA,NA,NA,NA
153, Destroy All Neighbors,5.3,1000.0,53,"Comedy, Horror",NA,NA,NA,"Jonah Ray, Kiran Deol, Randee Heller, Pete Ploszek",Josh Forbes
154, Tell No Lies,5.2,118.0,NA,NA,NA,NA,NA,NA,NA
155, The Last Front,5.8,121.0,NA,NA,NA,NA,NA,NA,NA
156, Tron 3,NA,NA,NA,NA,NA,NA,NA,NA,NA
157, Karate Kid,NA,NA,NA,NA,NA,NA,NA,NA,NA
158, The Electric State,NA,NA,NA,NA,NA,NA,NA,NA,NA
159, Avengers: Secret Wars,NA,NA,NA,NA,NA,NA,NA,NA,NA
160, Back in Action,NA,NA,NA,NA,NA,NA,NA,NA,NA
161, Juror #2,NA,NA,NA,NA,NA,NA,NA,NA,NA
162, Saw XI,NA,NA,NA,NA,NA,NA,NA,NA,NA
163, Someone Like You,NA,NA,NA,NA,NA,NA,NA,NA,NA
164, Y2K,NA,NA,NA,NA,NA,NA,NA,NA,NA
165, Project Hail Mary,NA,NA,NA,NA,NA,NA,NA,NA,NA
166, Bitconned,6.5,2400.0,NA,NA,NA,NA,NA,NA,NA
167, Autumn and the Black Jaguar,6.4,105.0,NA,NA,NA,NA,NA,NA,NA
168, Klara and the Sun,NA,NA,NA,NA,NA,NA,NA,NA,NA
169, Batgirl,NA,NA,NA,NA,NA,NA,NA,NA,NA
170, Untitled Guy Ritchie's Action Movie,NA,NA,NA,NA,NA,NA,NA,NA,NA
171, Kingsman: The Blue Blood,NA,NA,NA,NA,NA,NA,NA,NA,NA
172, Mickey 17,NA,NA,NA,NA,NA,NA,NA,NA,NA
173, Love... Reconsidered,7.5,24.0,NA,NA,NA,NA,NA,NA,NA
174, Small Things Like These,7.2,124.0,82,"Drama, History",NA,NA,NA,"Cillian Murphy, Ciarán Hinds, Clare Dunne, Michelle Fairley",Tim Mielants
175, Drugstore June,NA,NA,NA,NA,NA,NA,NA,NA,NA
176, Sister Act 3,NA,NA,NA,NA,NA,NA,NA,NA,NA
177, My Old Ass,6.8,155.0,78,Comedy,NA,NA,NA,"Aubrey Plaza, Maddie Ziegler, Percy Hynes White, Maria Dizzia",Megan Park
178, Peppa's Cinema Party,5.8,77.0,NA,NA,NA,NA,NA,NA,NA
179, Carry On,NA,NA,NA,NA,NA,NA,NA,NA,NA
180, Final Destination 6,NA,NA,NA,NA,NA,NA,NA,NA,NA
181, Sleeping Dogs,NA,NA,NA,NA,NA,NA,NA,NA,NA
182, John Wick: Chapter 5,NA,NA,NA,NA,NA,NA,NA,NA,NA
183, Elio,NA,NA,NA,NA,NA,NA,NA,NA,NA
184, Before Dawn,NA,NA,NA,NA,NA,NA,NA,NA,NA
185, Adam the First,8.0,8.0,NA,NA,NA,NA,NA,NA,NA
186, Ella McCay,NA,NA,NA,NA,NA,NA,NA,NA,NA
187, Toy Story 5,NA,NA,NA,NA,NA,NA,NA,NA,NA
188, It's What's Inside,8.5,66.0,59,"Comedy, Horror, Mystery",NA,NA,NA,"Alycia Debnam-Carey, Madison Davenport, Brittany O'Grady, Gavin Leatherwood",Greg Jardin
189, Kung Fury 2,NA,NA,NA,NA,NA,NA,NA,NA,NA
190, Turtles All the Way Down,NA,NA,NA,NA,NA,NA,NA,NA,NA
191, Six Triple Eight,NA,NA,NA,NA,NA,NA,NA,NA,NA
192, Altered Reality,6.2,9.0,NA,NA,NA,NA,NA,NA,NA
193, The Crow,NA,NA,NA,NA,NA,NA,NA,NA,NA
194, Frozen III,NA,NA,NA,NA,NA,NA,NA,NA,NA
195, Atlas,NA,NA,NA,NA,NA,NA,NA,NA,NA
196, Cinderella's Curse,NA,NA,NA,NA,NA,NA,NA,NA,NA
197, Descendants: The Rise of Red,NA,NA,NA,NA,NA,NA,NA,NA,NA
198, Little Death,5.5,146.0,57,"Comedy, Drama",NA,NA,NA,"David Schwimmer, Gaby Hoffmann, Talia Ryder, Dominic Fike",Jack Begert
199, A Family Affair,NA,NA,NA,NA,NA,NA,NA,NA,NA
200, Winner,7.7,38.0,NA,NA,NA,NA,NA,NA,NA
201, Mad Max: The Wasteland,NA,NA,NA,NA,NA,NA,NA,NA,NA
202, A Hip Hop Story,NA,NA,NA,NA,NA,NA,NA,NA,NA
203, Unsung Hero,NA,NA,NA,NA,NA,NA,NA,NA,NA
204, Wise Guys,NA,NA,NA,NA,NA,NA,NA,NA,NA
205, The Instigators,NA,NA,NA,NA,NA,NA,NA,NA,NA
206, I Saw the TV Glow,7.0,47.0,89,"Drama, Horror",NA,NA,NA,"Justice Smith, Brigette Lundy-Paine, Ian Foreman, Helena Howard",Jane Schoenbrun
207, Presence,6.4,64.0,80,"Horror, Thriller",NA,NA,NA,"Lucy Liu, Chris Sullivan, Julia Fox, Callina Liang",Steven Soderbergh
208, Dreams of Darkness,7.0,28.0,NA,NA,NA,NA,NA,NA,NA
209, Untitled Pirates of the Caribbean Project,NA,NA,NA,NA,NA,NA,NA,NA,NA
210, Scoop,NA,NA,NA,NA,NA,NA,NA,NA,NA
211, Levon's Trade,NA,NA,NA,NA,NA,NA,NA,NA,NA
212, Five Nights at Freddy's 2,NA,NA,NA,NA,NA,NA,NA,NA,NA
213, A Complete Unknown,NA,NA,NA,NA,NA,NA,NA,NA,NA
214, Knives Out 3,NA,NA,NA,NA,NA,NA,NA,NA,NA
215, The Life of Chuck,NA,NA,NA,NA,NA,NA,NA,NA,NA
216, Mindwash,4.1,64.0,NA,NA,NA,NA,NA,NA,NA
217, Hellhound,4.3,243.0,NA,NA,NA,NA,NA,NA,NA
218, Will & Harper,8.5,69.0,75,Documentary,NA,NA,NA,"Will Ferrell, Harper Steele",Josh Greenbaum
219, Star Wars: New Jedi Order,NA,NA,NA,NA,NA,NA,NA,NA,NA
220, Now You See Me 3,NA,NA,NA,NA,NA,NA,NA,NA,NA
221, Armored,NA,NA,NA,NA,NA,NA,NA,NA,NA
222, Speak No Evil,NA,NA,NA,NA,NA,NA,NA,NA,NA
223, Lilo & Stitch,NA,NA,NA,NA,NA,NA,NA,NA,NA
224, Roosevelt,NA,NA,NA,NA,NA,NA,NA,NA,NA
225, Thelma,7.4,146.0,76,"Action, Comedy",NA,NA,NA,"June Squibb, Fred Hechinger, Parker Posey, Clark Gregg",Josh Margolin
226, Rust,NA,NA,NA,NA,NA,NA,NA,NA,NA
227, Untitled Spider-Man Sequel,NA,NA,NA,NA,NA,NA,NA,NA,NA
228, Salem's Lot,NA,NA,NA,NA,NA,NA,NA,NA,NA
229, Not Another Church Movie,NA,NA,NA,NA,NA,NA,NA,NA,NA
230, Open Wide,5.8,318.0,NA,NA,NA,NA,NA,NA,NA
231, The Windigo,5.5,393.0,NA,NA,NA,NA,NA,NA,NA
232, Django/Zorro,NA,NA,NA,NA,NA,NA,NA,NA,NA
233, Paddington in Peru,NA,NA,NA,NA,NA,NA,NA,NA,NA
234, Seize Them!,NA,NA,NA,NA,NA,NA,NA,NA,NA
235, Untitled Maggie Gyllenhaal Project,NA,NA,NA,NA,NA,NA,NA,NA,NA
236, In the Summers,7.6,102.0,83,Drama,NA,NA,NA,"Residente, Sasha Calle, Lio Mehiel, Dreya Castillo",Alessandra Lacorazza Samudio
237, The Wild Robot,NA,NA,NA,NA,NA,NA,NA,NA,NA
238, Kevin James: Irregardless,5.6,524.0,NA,NA,NA,NA,NA,NA,NA
239, Kneecap,7.4,126.0,81,"Comedy, Drama",NA,NA,NA,"Móglaí Bap, Mo Chara, DJ Próvai, Josie Walker",Rich Peppiatt
240, Mother of the Bride,NA,NA,NA,NA,NA,NA,NA,NA,NA
241, The Wolf Man,NA,NA,NA,NA,NA,NA,NA,NA,NA
242, Spring Break '83,NA,NA,NA,NA,NA,NA,NA,NA,NA
243, The Night They Came Home,3.7,270.0,NA,NA,NA,NA,NA,NA,NA
244, Breakwater,5.1,638.0,NA,NA,NA,NA,NA,NA,NA
245, The Rosie Project,NA,NA,NA,NA,NA,NA,NA,NA,NA
246, Camp Pleasant Lake,NA,NA,NA,NA,NA,NA,NA,NA,NA
247, Clue,NA,NA,NA,NA,NA,NA,NA,NA,NA
248, Your Monster,8.6,102.0,68,"Comedy, Horror, Romance",NA,NA,NA,"Melissa Barrera, Meghann Fahy, Tommy Dewey, Edmund Donovan",Caroline Lindy
249, Arthur's Whisky,4.4,483.0,NA,NA,NA,NA,NA,NA,NA
250, Terminator: Skynet Rising,NA,NA,NA,NA,NA,NA,NA,NA,NA
251, Red Right Hand,NA,NA,NA,NA,NA,NA,NA,NA,NA
252, National Treasure 3,NA,NA,NA,NA,NA,NA,NA,NA,NA
253, Hellboy: The Crooked Man,NA,NA,NA,NA,NA,NA,NA,NA,NA
254, The King's Man: The Traitor King,NA,NA,NA,NA,NA,NA,NA,NA,NA
255," Justice League: Crisis on Infinite Earths, Part Two",NA,NA,NA,NA,NA,NA,NA,NA,NA
256, BRZRKR,NA,NA,NA,NA,NA,NA,NA,NA,NA
257, Untitled Star Trek: Beyond Sequel,NA,NA,NA,NA,NA,NA,NA,NA,NA
258, The Thursday Murder Club,NA,NA,NA,NA,NA,NA,NA,NA,NA
259, Lights Out,5.8,111.0,NA,NA,NA,NA,NA,NA,NA
260, Didi,NA,NA,77,"Comedy, Drama",NA,NA,NA,"Izaac Wang, Joan Chen, Shirley Chen, Chang Li Hua",Sean Wang
261, Winter Spring Summer or Fall,NA,NA,NA,NA,NA,NA,NA,NA,NA
262, Live Die Repeat and Repeat,NA,NA,NA,NA,NA,NA,NA,NA,NA
263, Swimming Home,7.1,29.0,NA,NA,NA,NA,NA,NA,NA
264, We're the Millers 2,NA,NA,NA,NA,NA,NA,NA,NA,NA
265, Red Notice 2,NA,NA,NA,NA,NA,NA,NA,NA,NA
266, Blink Twice,NA,NA,NA,NA,NA,NA,NA,NA,NA
267, Pet Shop Boys Dreamworld: The Greatest Hits Live at the Royal Arena Copenhagen,8.3,103.0,NA,NA,NA,NA,NA,NA,NA
268, Thelma the Unicorn,NA,NA,NA,NA,NA,NA,NA,NA,NA
269, Girl You Know It's True,7.4,599.0,NA,NA,NA,NA,NA,NA,NA
270, Krazy House,5.5,120.0,NA,NA,NA,NA,NA,NA,NA
271, Hell Camp: Teen Nightmare,6.1,2500.0,NA,NA,NA,NA,NA,NA,NA
272, Star Trek: Section 31,NA,NA,NA,NA,NA,NA,NA,NA,NA
273, Rendezvous with Rama,NA,NA,NA,NA,NA,NA,NA,NA,NA
274, Young Woman and the Sea,NA,NA,NA,NA,NA,NA,NA,NA,NA
275, Greedy People,NA,NA,NA,NA,NA,NA,NA,NA,NA
276, Woody Woodpecker Goes to Camp,NA,NA,NA,NA,NA,NA,NA,NA,NA
277, Rush Hour 4,NA,NA,NA,NA,NA,NA,NA,NA,NA
278, Dutch II,7.8,22.0,NA,NA,NA,NA,NA,NA,NA
279, Memento,NA,NA,NA,NA,NA,NA,NA,NA,NA
280, I Wish You All the Best,NA,NA,NA,NA,NA,NA,NA,NA,NA
281, Death Stranding,NA,NA,NA,NA,NA,NA,NA,NA,NA
282, Death of a Unicorn,NA,NA,NA,NA,NA,NA,NA,NA,NA
283, The Deliverance,NA,NA,NA,NA,NA,NA,NA,NA,NA
284, Mickey's Mouse Trap,NA,NA,NA,NA,NA,NA,NA,NA,NA
285, Mea Culpa,NA,NA,NA,NA,NA,NA,NA,NA,NA
286, The Last Planet,NA,NA,NA,NA,NA,NA,NA,NA,NA
287, God & Country,7.8,11.0,NA,NA,NA,NA,NA,NA,NA
288, Modi,NA,NA,NA,NA,NA,NA,NA,NA,NA
289, Untitled Scarlett Johansson/Channing Tatum Film,NA,NA,NA,NA,NA,NA,NA,NA,NA
290, Play Dirty,NA,NA,NA,NA,NA,NA,NA,NA,NA
291, Escape from Germany,NA,NA,NA,NA,NA,NA,NA,NA,NA
292, Merrily We Roll Along,NA,NA,NA,NA,NA,NA,NA,NA,NA
293, Blitz,NA,NA,NA,NA,NA,NA,NA,NA,NA
294, Between the Temples,7.1,85.0,82,Comedy,NA,NA,NA,"Jason Schwartzman, Carol Kane, Dolly De Leon, Caroline Aaron",Nathan Silver
295, Cocktails with Nick and Lana,8.2,189.0,NA,NA,NA,NA,NA,NA,NA
296, In the Hand of Dante,NA,NA,NA,NA,NA,NA,NA,NA,NA
297, Supergirl,NA,NA,NA,NA,NA,NA,NA,NA,NA
298, Untitled Margot Robbie Ocean's Eleven Film,NA,NA,NA,NA,NA,NA,NA,NA,NA
299, Untitled Avatar: The Last Airbender Film 1,NA,NA,NA,NA,NA,NA,NA,NA,NA
300, Wicked: Part Two,NA,NA,NA,NA,NA,NA,NA,NA,NA
301, Here,NA,NA,NA,NA,NA,NA,NA,NA,NA
302, La Cocina,7.6,82.0,NA,NA,NA,NA,NA,NA,NA
303, Arcadian,NA,NA,NA,NA,NA,NA,NA,NA,NA
304, Johnny Puff: Secret Mission,7.0,138.0,NA,NA,NA,NA,NA,NA,NA
305, Materialists,NA,NA,NA,NA,NA,NA,NA,NA,NA
306, The Nightingale,NA,NA,NA,NA,NA,NA,NA,NA,NA
307, Reagan,NA,NA,NA,NA,NA,NA,NA,NA,NA
308, A Widow Seduced,5.7,66.0,NA,NA,NA,NA,NA,NA,NA
309, From the Ashes,NA,NA,NA,NA,NA,NA,NA,NA,NA
310, The Apprentice,NA,NA,NA,NA,NA,NA,NA,NA,NA
311, M3GAN 2.0,NA,NA,NA,NA,NA,NA,NA,NA,NA
312, Tin Soldier,NA,NA,NA,NA,NA,NA,NA,NA,NA
313, Top Gun 3,NA,NA,NA,NA,NA,NA,NA,NA,NA
314, The Vengeance of Dracula,NA,NA,NA,NA,NA,NA,NA,NA,NA
315, Lando,NA,NA,NA,NA,NA,NA,NA,NA,NA
316, Hamnet,NA,NA,NA,NA,NA,NA,NA,NA,NA
317, The Uninvited,NA,NA,NA,NA,NA,NA,NA,NA,NA
318, Amateur,NA,NA,NA,NA,NA,NA,NA,NA,NA
319, The Mandalorian & Grogu,NA,NA,NA,NA,NA,NA,NA,NA,NA
320, The SpongeBob Movie: Search for SquarePants,NA,NA,NA,NA,NA,NA,NA,NA,NA
321, I Know What You Did Last Summer,NA,NA,NA,NA,NA,NA,NA,NA,NA
322, Aladdin 2,NA,NA,NA,NA,NA,NA,NA,NA,NA
323, Wilder & Me,NA,NA,NA,NA,NA,NA,NA,NA,NA
324, The Gorge,NA,NA,NA,NA,NA,NA,NA,NA,NA
325, Super Troopers 3: Winter Soldiers,NA,NA,NA,NA,NA,NA,NA,NA,NA
326, Abducted Off the Street: The Carlesha Gaither Story,8.1,50.0,NA,NA,NA,NA,NA,NA,NA
327, Maria,NA,NA,NA,NA,NA,NA,NA,NA,NA
328, Girl in the Video,5.9,120.0,NA,NA,NA,NA,NA,NA,NA
329, Out of My Mind,8.1,23.0,NA,NA,NA,NA,NA,NA,NA
330, Furya,NA,NA,NA,NA,NA,NA,NA,NA,NA
331, Crawlers,NA,NA,NA,NA,NA,NA,NA,NA,NA
332, Goldilocks and the Three Bears: Death and Porridge,NA,NA,NA,NA,NA,NA,NA,NA,NA
333, Deep Cover,NA,NA,NA,NA,NA,NA,NA,NA,NA
334, Fantastic Beasts and Where to Find Them 4,NA,NA,NA,NA,NA,NA,NA,NA,NA
335, Hippie Hippie Shake,NA,NA,NA,NA,NA,NA,NA,NA,NA
336, Lost Phoenix,5.4,114.0,NA,NA,NA,NA,NA,NA,NA
337, Bird,NA,NA,NA,NA,NA,NA,NA,NA,NA
338, Piece by Piece,NA,NA,NA,NA,NA,NA,NA,NA,NA
339, We Live in Time,NA,NA,NA,NA,NA,NA,NA,NA,NA
340, Queer,NA,NA,NA,NA,NA,NA,NA,NA,NA
341, The Super Mario Bros. Movie Sequel,NA,NA,NA,NA,NA,NA,NA,NA,NA
342, Super/Man: The Christopher Reeve Story,8.0,31.0,86,Documentary,NA,NA,NA,Christopher Reeve,Ian BonhôtePeter Ettedgui
343, Gacy: Serial Killer Next Door,6.5,39.0,NA,NA,NA,NA,NA,NA,NA
344, Cliffhanger,NA,NA,NA,NA,NA,NA,NA,NA,NA
345, Better Man,NA,NA,NA,NA,NA,NA,NA,NA,NA
346, The Firing Squad,NA,NA,NA,NA,NA,NA,NA,NA,NA
347, The Marriage Pass,6.5,45.0,NA,NA,NA,NA,NA,NA,NA
348, The War on Children,7.1,51.0,NA,NA,NA,NA,NA,NA,NA
349, Project Dorothy,6.2,1100.0,NA,NA,NA,NA,NA,NA,NA
350, The Casagrandes Movie,NA,NA,NA,NA,NA,NA,NA,NA,NA
351, Queen of the Ring,NA,NA,NA,NA,NA,NA,NA,NA,NA
352, Flight Risk,NA,NA,NA,NA,NA,NA,NA,NA,NA
353, Blood Knot,NA,NA,NA,NA,NA,NA,NA,NA,NA
354, Homestead,NA,NA,NA,NA,NA,NA,NA,NA,NA
355, Untitled Tom Cruise/SpaceX Project,NA,NA,NA,NA,NA,NA,NA,NA,NA
356, The Division,NA,NA,NA,NA,NA,NA,NA,NA,NA
357, Spellbound,NA,NA,NA,NA,NA,NA,NA,NA,NA
358, Legend of the White Dragon,NA,NA,NA,NA,NA,NA,NA,NA,NA
359, Courage,NA,NA,NA,NA,NA,NA,NA,NA,NA
360, Iron Lung,NA,NA,NA,NA,NA,NA,NA,NA,NA
361, The Surfer,NA,NA,NA,NA,NA,NA,NA,NA,NA
362, Nobody 2,NA,NA,NA,NA,NA,NA,NA,NA,NA
363, The Hunted,6.6,51.0,NA,NA,NA,NA,NA,NA,NA
364, The Order,NA,NA,NA,NA,NA,NA,NA,NA,NA
365, Omni Loop,NA,NA,NA,NA,NA,NA,NA,NA,NA
366, The Late Game,NA,NA,NA,NA,NA,NA,NA,NA,NA
367, Cruella 2,NA,NA,NA,NA,NA,NA,NA,NA,NA
368, Saving Bikini Bottom: The Sandy Cheeks Movie,NA,NA,NA,NA,NA,NA,NA,NA,NA
369, In the Lost Lands,NA,NA,NA,NA,NA,NA,NA,NA,NA
370, The Monkey,NA,NA,NA,NA,NA,NA,NA,NA,NA
371, Jacqueline Novak: Get on Your Knees,6.5,509.0,NA,NA,NA,NA,NA,NA,NA
372, The Killer's Game,NA,NA,NA,NA,NA,NA,NA,NA,NA
373, Echo Valley,NA,NA,NA,NA,NA,NA,NA,NA,NA
374, Horizon: An American Saga - Chapter 2,NA,NA,NA,NA,NA,NA,NA,NA,NA
375, Untitled Noah Baumbach Picture,NA,NA,NA,NA,NA,NA,NA,NA,NA
376, Permafrost,6.6,62.0,NA,NA,NA,NA,NA,NA,NA
377, Darkness of Man,NA,NA,NA,NA,NA,NA,NA,NA,NA
378, The Shamrock Spitfire,NA,NA,NA,NA,NA,NA,NA,NA,NA
379, Música,NA,NA,NA,NA,NA,NA,NA,NA,NA
380, Bambi: The Reckoning,NA,NA,NA,NA,NA,NA,NA,NA,NA
381, The Mothership,NA,NA,NA,NA,NA,NA,NA,NA,NA
382, Shrunk,NA,NA,NA,NA,NA,NA,NA,NA,NA
383, Long Day's Journey Into Night,NA,NA,NA,NA,NA,NA,NA,NA,NA
384, Nightbitch,NA,NA,NA,NA,NA,NA,NA,NA,NA
385, Jessica Frost,NA,NA,NA,NA,NA,NA,NA,NA,NA
386, Harold and the Purple Crayon,NA,NA,NA,NA,NA,NA,NA,NA,NA
387, Creed IV,NA,NA,NA,NA,NA,NA,NA,NA,NA
388, The History of Sound,NA,NA,NA,NA,NA,NA,NA,NA,NA
389, Forty-Seven Days with Jesus,NA,NA,NA,NA,NA,NA,NA,NA,NA
390, Assassination,NA,NA,NA,NA,NA,NA,NA,NA,NA
391, Warchief,5.2,327.0,NA,NA,NA,NA,NA,NA,NA
392, School Fight,NA,NA,NA,NA,NA,NA,NA,NA,NA
393, Machete Kills in Space,NA,NA,NA,NA,NA,NA,NA,NA,NA
394, The Brutalist,NA,NA,NA,NA,NA,NA,NA,NA,NA
395, Head South,7.4,78.0,NA,NA,NA,NA,NA,NA,NA
396, Woman with the Red Lipstick,5.4,98.0,NA,NA,NA,NA,NA,NA,NA
397, Snow White and the Evil Queen,NA,NA,NA,NA,NA,NA,NA,NA,NA
398, The Black Phone 2,NA,NA,NA,NA,NA,NA,NA,NA,NA
399, The Phoenician Scheme,NA,NA,NA,NA,NA,NA,NA,NA,NA
400, The Godmother,NA,NA,NA,NA,NA,NA,NA,NA,NA
401, Breathe,NA,NA,NA,NA,NA,NA,NA,NA,NA
402, The Day the Earth Blew Up: A Looney Tunes Movie,NA,NA,NA,NA,NA,NA,NA,NA,NA
403, Blood Meridian,NA,NA,NA,NA,NA,NA,NA,NA,NA
404, DarkGame,NA,NA,NA,NA,NA,NA,NA,NA,NA
405, National Theatre Live: Vanya,NA,NA,NA,NA,NA,NA,NA,NA,NA
406, Five Blind Dates,4.8,374.0,NA,NA,NA,NA,NA,NA,NA
407, A Hero's Journey: The Making of Percy Jackson and the Olympians,7.7,120.0,NA,NA,NA,NA,NA,NA,NA
408," Snoopy Presents: Welcome Home, Franklin",7.1,137.0,NA,NA,NA,NA,NA,NA,NA
409, The Chronicles of Narnia: The Silver Chair,NA,NA,NA,NA,NA,NA,NA,NA,NA
410, Alice in Terrorland,6.9,617.0,NA,NA,NA,NA,NA,NA,NA
411, Stranger in the Woods,5.5,64.0,NA,NA,NA,NA,NA,NA,NA
412, Jade,7.6,34.0,NA,NA,NA,NA,NA,NA,NA
413, Skyline: Warpath,NA,NA,NA,NA,NA,NA,NA,NA,NA
414, Babygirl,NA,NA,NA,NA,NA,NA,NA,NA,NA
415, Oh Canada,NA,NA,NA,NA,NA,NA,NA,NA,NA
416, Legally Blonde 3,NA,NA,NA,NA,NA,NA,NA,NA,NA
417, Emperor,NA,NA,NA,NA,NA,NA,NA,NA,NA
418, The Ark and the Aardvark,NA,NA,NA,NA,NA,NA,NA,NA,NA
419," Holland, Michigan",NA,NA,NA,NA,NA,NA,NA,NA,NA
420, Confessions of a Cam Girl,4.8,134.0,NA,NA,NA,NA,NA,NA,NA
421, Arctic Hollow,3.5,91.0,NA,NA,NA,NA,NA,NA,NA
422, Shirley,NA,NA,NA,NA,NA,NA,NA,NA,NA
423, A Taste of Love,NA,NA,NA,NA,NA,NA,NA,NA,NA
424, Cold Road,7.9,31.0,NA,NA,NA,NA,NA,NA,NA
425, The Piano Lesson,NA,NA,NA,NA,NA,NA,NA,NA,NA
426, Brothers,NA,NA,NA,NA,NA,NA,NA,NA,NA
427, Midas Man,NA,NA,NA,NA,NA,NA,NA,NA,NA
428, Everest,NA,NA,NA,NA,NA,NA,NA,NA,NA
429, They Follow,NA,NA,NA,NA,NA,NA,NA,NA,NA
430, Shelby Oaks,NA,NA,NA,NA,NA,NA,NA,NA,NA
431, Scream 7,NA,NA,NA,NA,NA,NA,NA,NA,NA
432, I Am Pilgrim,NA,NA,NA,NA,NA,NA,NA,NA,NA
433, We're All Gonna Die,NA,NA,NA,NA,NA,NA,NA,NA,NA
434, Boys of Summer,NA,NA,NA,NA,NA,NA,NA,NA,NA
435, Our Little Secret,NA,NA,NA,NA,NA,NA,NA,NA,NA
436, Babes,NA,NA,NA,NA,NA,NA,NA,NA,NA
437, Chosen Family,NA,NA,NA,NA,NA,NA,NA,NA,NA
438, The Unholy Trinity,NA,NA,NA,NA,NA,NA,NA,NA,NA
439, Big Trouble in Little China,NA,NA,NA,NA,NA,NA,NA,NA,NA
440, Outcome,NA,NA,NA,NA,NA,NA,NA,NA,NA
441, Maleficent 3,NA,NA,NA,NA,NA,NA,NA,NA,NA
442, Gremlins 3,NA,NA,NA,NA,NA,NA,NA,NA,NA
443, The Crypto: Dark Justice,NA,NA,NA,NA,NA,NA,NA,NA,NA
444, Afterburn,NA,NA,NA,NA,NA,NA,NA,NA,NA
445, The Reincarnation of Dracula,NA,NA,NA,NA,NA,NA,NA,NA,NA
446, The Naked Gun,NA,NA,NA,NA,NA,NA,NA,NA,NA
447, Dr. Death: Cutthroat Conman,6.4,192.0,NA,NA,NA,NA,NA,NA,NA
448, Armor Wars,NA,NA,NA,NA,NA,NA,NA,NA,NA
449, Tropico,NA,NA,NA,NA,NA,NA,NA,NA,NA
450, The Last Train to New York,NA,NA,NA,NA,NA,NA,NA,NA,NA
451, Cars 4,NA,NA,NA,NA,NA,NA,NA,NA,NA
452, The Bad Shepherd,NA,NA,NA,NA,NA,NA,NA,NA,NA
453, Animals,NA,NA,NA,NA,NA,NA,NA,NA,NA
454, Alien Wars: Judgement Day,NA,NA,NA,NA,NA,NA,NA,NA,NA
455, Fourth Wing,NA,NA,NA,NA,NA,NA,NA,NA,NA
456, Exhibiting Forgiveness,7.5,83.0,81,Drama,NA,NA,NA,"André Holland, John Earl Jelks, Andra Day, Aunjanue Ellis-Taylor",Titus Kaphar
457, The Seduction of Dracula,NA,NA,NA,NA,NA,NA,NA,NA,NA
458, Final Heist,6.1,40.0,NA,NA,NA,NA,NA,NA,NA
459, Hedda,NA,NA,NA,NA,NA,NA,NA,NA,NA
460, The Full House,NA,NA,NA,NA,NA,NA,NA,NA,NA
461, Mother Mary,NA,NA,NA,NA,NA,NA,NA,NA,NA
462, Sing 3,NA,NA,NA,NA,NA,NA,NA,NA,NA
463, Mythica: Stormbound,8.5,18.0,NA,NA,NA,NA,NA,NA,NA
464, Opus,NA,NA,NA,NA,NA,NA,NA,NA,NA
465, Take Cover,NA,NA,NA,NA,NA,NA,NA,NA,NA
466, The Geechee Witch: A Boo Hag Story,NA,NA,NA,NA,NA,NA,NA,NA,NA
467, The Church of Living Dangerously,NA,NA,NA,NA,NA,NA,NA,NA,NA
468, The Neon Highway,NA,NA,NA,NA,NA,NA,NA,NA,NA
469, Borderline,NA,NA,NA,NA,NA,NA,NA,NA,NA
470, Spider-Man 4,NA,NA,NA,NA,NA,NA,NA,NA,NA
471, The Sidemen Story,6.9,1200.0,NA,NA,NA,NA,NA,NA,NA
472, A Cold Grave,4.5,156.0,NA,NA,NA,NA,NA,NA,NA
473, Greenland: Migration,NA,NA,NA,NA,NA,NA,NA,NA,NA
474, Sesame Street,NA,NA,NA,NA,NA,NA,NA,NA,NA
475, Candlewood,8.3,11.0,NA,NA,NA,NA,NA,NA,NA
476, A Life of Jesus,NA,NA,NA,NA,NA,NA,NA,NA,NA
477, The Worst Man in London,6.6,45.0,NA,NA,NA,NA,NA,NA,NA
478, Untitled M. Night Shyamalan Project,NA,NA,NA,NA,NA,NA,NA,NA,NA
479, Austin Powers 4,NA,NA,NA,NA,NA,NA,NA,NA,NA
480, Untitle Denzel Washington Project,NA,NA,NA,NA,NA,NA,NA,NA,NA
481, Rob Peace,7.0,145.0,NA,NA,NA,NA,NA,NA,NA
482, Dodgeball 2,NA,NA,NA,NA,NA,NA,NA,NA,NA
483, Attack on Titan,NA,NA,NA,NA,NA,NA,NA,NA,NA
484, Passport to Love,7.1,82.0,NA,NA,NA,NA,NA,NA,NA
485, Last Night at Terrace Lanes,6.5,55.0,NA,NA,NA,NA,NA,NA,NA
486, Fixed,NA,NA,NA,NA,NA,NA,NA,NA,NA
487, The Seven Husbands of Evelyn Hugo,NA,NA,NA,NA,NA,NA,NA,NA,NA
488, The Epidemic,6.3,49.0,NA,NA,NA,NA,NA,NA,NA
489, Sight,NA,NA,NA,NA,NA,NA,NA,NA,NA
490, The Jack in the Box Rises,4.9,34.0,NA,NA,NA,NA,NA,NA,NA
491, Rainbow Six,NA,NA,NA,NA,NA,NA,NA,NA,NA
492, Rothko,NA,NA,NA,NA,NA,NA,NA,NA,NA
493, The Room Next Door,NA,NA,NA,NA,NA,NA,NA,NA,NA
494, Classified,NA,NA,NA,NA,NA,NA,NA,NA,NA
495, Untitled Adventures of Tintin Sequel,NA,NA,NA,NA,NA,NA,NA,NA,NA
496, Guns 3: Alias Billy the Kid,NA,NA,NA,NA,NA,NA,NA,NA,NA
497, Avatar 4,NA,NA,NA,NA,NA,NA,NA,NA,NA
498, Ghostlight,9.0,34.0,86,"Drama, Comedy",NA,NA,NA,"Keith Kupferer, Katherine Mallen Kupferer, Tara Mallen, Dolly De Leon",Kelly O'SullivanAlex Thompson
499, Life of Belle,6.9,38.0,NA,NA,NA,NA,NA,NA,NA
500, Desert Warrior,NA,NA,NA,NA,NA,NA,NA,NA,NA
501, Gunner,NA,NA,NA,NA,NA,NA,NA,NA,NA
502, G20,NA,NA,NA,NA,NA,NA,NA,NA,NA
503, Lips Like Sugar,NA,NA,NA,NA,NA,NA,NA,NA,NA
504, Untitled Adam Sandler/Safdie Brothers Project,NA,NA,NA,NA,NA,NA,NA,NA,NA
505, Daughters,8.2,58.0,82,Documentary,NA,NA,NA,,Angela PattonNatalie Rae
506, I Am Not Your Perfect Mexican Daughter,NA,NA,NA,NA,NA,NA,NA,NA,NA
507, Caddo Lake,NA,NA,NA,NA,NA,NA,NA,NA,NA
508, Dragon's Lair: The Movie,NA,NA,NA,NA,NA,NA,NA,NA,NA
509, The Harlem Hellfighters,6.2,16.0,NA,NA,NA,NA,NA,NA,NA
510, (Pri)sons,6.8,32.0,NA,NA,NA,NA,NA,NA,NA
511, Getting LOST,NA,NA,NA,NA,NA,NA,NA,NA,NA
512, Rumours,NA,NA,NA,NA,NA,NA,NA,NA,NA
513, Carol Doda Topless at the Condor,NA,NA,NA,NA,NA,NA,NA,NA,NA
514, The Legend of Johnny Jones,NA,NA,NA,NA,NA,NA,NA,NA,NA
515," April 29, 1992",NA,NA,NA,NA,NA,NA,NA,NA,NA
516, The End,NA,NA,NA,NA,NA,NA,NA,NA,NA
517, Time Cut,NA,NA,NA,NA,NA,NA,NA,NA,NA
518, Real Steel 2,NA,NA,NA,NA,NA,NA,NA,NA,NA
519, He Killed in Ecstasy,NA,NA,NA,NA,NA,NA,NA,NA,NA
520, Ice Road 2: Road to the Sky,NA,NA,NA,NA,NA,NA,NA,NA,NA
521, How to Date Billy Walsh,NA,NA,NA,NA,NA,NA,NA,NA,NA
522, War Party,NA,NA,NA,NA,NA,NA,NA,NA,NA
523, Untitled Fred Astaire Biopic,NA,NA,NA,NA,NA,NA,NA,NA,NA
524, Mr Bates vs the Post Office: The Real Story,7.7,232.0,NA,NA,NA,NA,NA,NA,NA
525, Cellphone,6.8,53.0,NA,NA,NA,NA,NA,NA,NA
526, The Unbreakable Boy,NA,NA,NA,NA,NA,NA,NA,NA,NA
527, Wallace and Gromit,NA,NA,NA,NA,NA,NA,NA,NA,NA
528, The Unbreakable Tatiana Suarez,7.6,107.0,NA,NA,NA,NA,NA,NA,NA
529, The Pack,NA,NA,NA,NA,NA,NA,NA,NA,NA
530, Lunar Lockdown,3.1,17.0,NA,NA,NA,NA,NA,NA,NA
531, Rebel Ridge,NA,NA,NA,NA,NA,NA,NA,NA,NA
532, Hamlet,NA,NA,NA,NA,NA,NA,NA,NA,NA
533, Another End,7.2,25.0,NA,NA,NA,NA,NA,NA,NA
534, My Dead Friend Zoe,NA,NA,NA,NA,NA,NA,NA,NA,NA
535, Untitled Accountant Sequel,NA,NA,NA,NA,NA,NA,NA,NA,NA
536, Everything's Going to Be Great,NA,NA,NA,NA,NA,NA,NA,NA,NA
537, The Shrouds,NA,NA,NA,NA,NA,NA,NA,NA,NA
538, The Six Billion Dollar Man,NA,NA,NA,NA,NA,NA,NA,NA,NA
539, Spinal Tap II,NA,NA,NA,NA,NA,NA,NA,NA,NA
540, Magpie,NA,NA,NA,NA,NA,NA,NA,NA,NA
541, Voyagers,NA,NA,NA,NA,NA,NA,NA,NA,NA
542, Avatar 5,NA,NA,NA,NA,NA,NA,NA,NA,NA
543, Dirty Angels,NA,NA,NA,NA,NA,NA,NA,NA,NA
544, Two for the Money,NA,NA,NA,NA,NA,NA,NA,NA,NA
545, G.I. Joe: Ever Vigilant,NA,NA,NA,NA,NA,NA,NA,NA,NA
546, What Remains of Us,NA,NA,NA,NA,NA,NA,NA,NA,NA
547, Twisters,NA,NA,NA,NA,NA,NA,NA,NA,NA
548, High Tide,NA,NA,NA,NA,NA,NA,NA,NA,NA
549, Kyle and the Last Emerald,NA,NA,NA,NA,NA,NA,NA,NA,NA
550, Cowboy Ninja Viking,NA,NA,NA,NA,NA,NA,NA,NA,NA
551, Cleopatra,NA,NA,NA,NA,NA,NA,NA,NA,NA
552, Sting,NA,NA,NA,NA,NA,NA,NA,NA,NA
553, Atropia,NA,NA,NA,NA,NA,NA,NA,NA,NA
554, Tomb Raider 2,NA,NA,NA,NA,NA,NA,NA,NA,NA
555, Mother Nature and the Doomsday Prepper,NA,NA,NA,NA,NA,NA,NA,NA,NA
556, Mace,NA,NA,NA,NA,NA,NA,NA,NA,NA
557, The Legend of Conan,NA,NA,NA,NA,NA,NA,NA,NA,NA
558, Untitled Fast & Furious Film,NA,NA,NA,NA,NA,NA,NA,NA,NA
559, The Street Avenger,NA,NA,NA,NA,NA,NA,NA,NA,NA
560, Inheritance to Love,9.4,21.0,NA,NA,NA,NA,NA,NA,NA
561, Billy Knight,NA,NA,NA,NA,NA,NA,NA,NA,NA
562, Snack Shack,NA,NA,NA,NA,NA,NA,NA,NA,NA
563, Grounded II: Making the Last of Us Part II,8.3,239.0,NA,NA,NA,NA,NA,NA,NA
564, A Cuban Girl's Guide to Tea and Tomorrow,NA,NA,NA,NA,NA,NA,NA,NA,NA
565, The Roblox Movie,NA,NA,NA,NA,NA,NA,NA,NA,NA
566, The Dreadful,NA,NA,NA,NA,NA,NA,NA,NA,NA
567, Gore,NA,NA,NA,NA,NA,NA,NA,NA,NA
568, Eternal Return,NA,NA,NA,NA,NA,NA,NA,NA,NA
569, Trigger Warning,NA,NA,NA,NA,NA,NA,NA,NA,NA
570, The Running Man,NA,NA,NA,NA,NA,NA,NA,NA,NA
571, Bad Blood,NA,NA,NA,NA,NA,NA,NA,NA,NA
572, Jungle Cruise 2,NA,NA,NA,NA,NA,NA,NA,NA,NA
573, Azrael,NA,NA,NA,NA,NA,NA,NA,NA,NA
574, Uglies,NA,NA,NA,NA,NA,NA,NA,NA,NA
575, IJ Inspector Jamshed,NA,NA,NA,NA,NA,NA,NA,NA,NA
576, Jurassic Park: Island Survival,NA,NA,NA,NA,NA,NA,NA,NA,NA
577, Sebastian,7.1,47.0,NA,NA,NA,NA,NA,NA,NA
578, The Pickup,NA,NA,NA,NA,NA,NA,NA,NA,NA
579, The Last Battleship,NA,NA,NA,NA,NA,NA,NA,NA,NA
580, Polaris,NA,NA,NA,NA,NA,NA,NA,NA,NA
581, The Boondock Saints III,NA,NA,NA,NA,NA,NA,NA,NA,NA
582, Experiment 77,NA,NA,NA,NA,NA,NA,NA,NA,NA
583, Apartment 7A,NA,NA,NA,NA,NA,NA,NA,NA,NA
584, The Collector 3,NA,NA,NA,NA,NA,NA,NA,NA,NA
585, Goodrich,NA,NA,NA,NA,NA,NA,NA,NA,NA
586, The Tom and Jerry Show Movie - The Origin of Tom the Human Boy Become Cat and Jerry the Rabbit Become Mouse,NA,NA,NA,NA,NA,NA,NA,NA,NA
587, Good One,7.2,50.0,80,Drama,NA,NA,NA,"Lily Collias, Sumaya Bouhbal, Valentine Black, Diana Irvine",India Donaldson
588, The Amazing World of Gumball: The Movie,NA,NA,NA,NA,NA,NA,NA,NA,NA
589, Is This Thing On?,NA,NA,NA,NA,NA,NA,NA,NA,NA
590, Bye Sweet Carole,NA,NA,NA,NA,NA,NA,NA,NA,NA
591, Nutcrackers,NA,NA,NA,NA,NA,NA,NA,NA,NA
592, Ghost of Tsushima,NA,NA,NA,NA,NA,NA,NA,NA,NA
593, The King,NA,NA,NA,NA,NA,NA,NA,NA,NA
594," I, Object",NA,NA,NA,NA,NA,NA,NA,NA,NA
595, Hancock 2,NA,NA,NA,NA,NA,NA,NA,NA,NA
596, Noah's Ark,5.8,32.0,NA,NA,NA,NA,NA,NA,NA
597, Wizards!,NA,NA,NA,NA,NA,NA,NA,NA,NA
598, Long Gone Heroes,NA,NA,NA,NA,NA,NA,NA,NA,NA
599, Scoob!: Holiday Haunt,NA,NA,NA,NA,NA,NA,NA,NA,NA
600, Windcatcher,NA,NA,NA,NA,NA,NA,NA,NA,NA
601, The Hunchback of Notre Dame,NA,NA,NA,NA,NA,NA,NA,NA,NA
602, Newsflash,NA,NA,NA,NA,NA,NA,NA,NA,NA
603, Black Bag,NA,NA,NA,NA,NA,NA,NA,NA,NA
604, SNL,NA,NA,NA,NA,NA,NA,NA,NA,NA
605, You Can't Win,NA,NA,NA,NA,NA,NA,NA,NA,NA
606, Outlaw Posse,NA,NA,NA,NA,NA,NA,NA,NA,NA
607, Riff Raff,NA,NA,NA,NA,NA,NA,NA,NA,NA
608, A Nashville Wish,NA,NA,NA,NA,NA,NA,NA,NA,NA
609, William Tell,NA,NA,NA,NA,NA,NA,NA,NA,NA
610, The Invite,NA,NA,NA,NA,NA,NA,NA,NA,NA
611, Naya Legend of the Golden Dolphin,NA,NA,NA,NA,NA,NA,NA,NA,NA
612, Untitled Hulk Hogan Biopic,NA,NA,NA,NA,NA,NA,NA,NA,NA
613, East of Eden,NA,NA,NA,NA,NA,NA,NA,NA,NA
614, Mistborn: The Final Empire,NA,NA,NA,NA,NA,NA,NA,NA,NA
615, Timestalker,NA,NA,NA,NA,NA,NA,NA,NA,NA
616, The Silent Hour,NA,NA,NA,NA,NA,NA,NA,NA,NA
617, Will,NA,NA,NA,NA,NA,NA,NA,NA,NA
618, Mercy,NA,NA,NA,NA,NA,NA,NA,NA,NA
619, Marked Men,NA,NA,NA,NA,NA,NA,NA,NA,NA
620, The Beautiful Game,NA,NA,NA,NA,NA,NA,NA,NA,NA
621, Bad Seeds of Loving Spring,NA,NA,NA,NA,NA,NA,NA,NA,NA
622, Bride Hard,NA,NA,NA,NA,NA,NA,NA,NA,NA
623, Dagr,8.6,148.0,NA,NA,NA,NA,NA,NA,NA
624, Last Friday,NA,NA,NA,NA,NA,NA,NA,NA,NA
625, Berlin Nobody,NA,NA,NA,NA,NA,NA,NA,NA,NA
626, Three Men and a Baby,NA,NA,NA,NA,NA,NA,NA,NA,NA
627, Juliet,NA,NA,NA,NA,NA,NA,NA,NA,NA
628, Nonnas,NA,NA,NA,NA,NA,NA,NA,NA,NA
629, The Gettysburg Address,NA,NA,NA,NA,NA,NA,NA,NA,NA
630, McCarthy,NA,NA,NA,NA,NA,NA,NA,NA,NA
631, The Room Returns!,NA,NA,NA,NA,NA,NA,NA,NA,NA
632, Kage & Celeste,NA,NA,NA,NA,NA,NA,NA,NA,NA
633, Pokémon Detective Pikachu Sequel,NA,NA,NA,NA,NA,NA,NA,NA,NA
634, The Substance,NA,NA,NA,NA,NA,NA,NA,NA,NA
635, The Lego Batman Movie 2,NA,NA,NA,NA,NA,NA,NA,NA,NA
636, Roswell Delirium,NA,NA,NA,NA,NA,NA,NA,NA,NA
637, Easy's Waltz,NA,NA,NA,NA,NA,NA,NA,NA,NA
638, My Valentine Wedding,NA,NA,NA,NA,NA,NA,NA,NA,NA
639, Not Without Hope,NA,NA,NA,NA,NA,NA,NA,NA,NA
640, The Brave and the Bold,NA,NA,NA,NA,NA,NA,NA,NA,NA
641, One of Us,NA,NA,NA,NA,NA,NA,NA,NA,NA
642, The Caged Bird,8.2,12.0,NA,NA,NA,NA,NA,NA,NA
643, The Tiger,NA,NA,NA,NA,NA,NA,NA,NA,NA
644, The Island,NA,NA,NA,NA,NA,NA,NA,NA,NA
645, Cash Out,NA,NA,NA,NA,NA,NA,NA,NA,NA
646, The Book of Mormon,NA,NA,NA,NA,NA,NA,NA,NA,NA
647, Extraction 3,NA,NA,NA,NA,NA,NA,NA,NA,NA
648, Kiss of the Spider Woman,NA,NA,NA,NA,NA,NA,NA,NA,NA
649, Deep Water,NA,NA,NA,NA,NA,NA,NA,NA,NA
650, Reunion,NA,NA,NA,NA,NA,NA,NA,NA,NA
651, Damaged,NA,NA,NA,NA,NA,NA,NA,NA,NA
652, Desert Fiends,NA,NA,NA,NA,NA,NA,NA,NA,NA
653, Hitpig,NA,NA,NA,NA,NA,NA,NA,NA,NA
654, Fast and Loose,NA,NA,NA,NA,NA,NA,NA,NA,NA
655, Unstoppable: The Anthony Robles Story,NA,NA,NA,NA,NA,NA,NA,NA,NA
656, The Greatest Hits,NA,NA,NA,NA,NA,NA,NA,NA,NA
657, Star Wars: Dawn of the Jedi,NA,NA,NA,NA,NA,NA,NA,NA,NA
658," Die, My Love",NA,NA,NA,NA,NA,NA,NA,NA,NA
659, Saint Nick of Bethlehem,NA,NA,NA,NA,NA,NA,NA,NA,NA
660, The Legend of Zelda,NA,NA,NA,NA,NA,NA,NA,NA,NA
661, The Best Christmas Pageant Ever,NA,NA,NA,NA,NA,NA,NA,NA,NA
662, Canary Black,NA,NA,NA,NA,NA,NA,NA,NA,NA
663, Hounds of War,NA,NA,NA,NA,NA,NA,NA,NA,NA
664, 5lbs of Pressure,NA,NA,NA,NA,NA,NA,NA,NA,NA
665, Undying Love,NA,NA,NA,NA,NA,NA,NA,NA,NA
666, Jackpot,NA,NA,NA,NA,NA,NA,NA,NA,NA
667, Has Fallen 5,NA,NA,NA,NA,NA,NA,NA,NA,NA
668, We Bury the Dead,NA,NA,NA,NA,NA,NA,NA,NA,NA
669," Justice League: Crisis on Infinite Earths, Part Three",NA,NA,NA,NA,NA,NA,NA,NA,NA
670, Awaken,NA,NA,NA,NA,NA,NA,NA,NA,NA
671, Dear Santa,NA,NA,NA,NA,NA,NA,NA,NA,NA
672, Alternate,NA,NA,NA,NA,NA,NA,NA,NA,NA
673, Sonic Villains,NA,NA,NA,NA,NA,NA,NA,NA,NA
674, Distant,NA,NA,NA,NA,NA,NA,NA,NA,NA
675, Novocaine,NA,NA,NA,NA,NA,NA,NA,NA,NA
676, Agent Recon,NA,NA,NA,NA,NA,NA,NA,NA,NA
677, Twilight of the Mallrats,NA,NA,NA,NA,NA,NA,NA,NA,NA
678, Sue,NA,NA,NA,NA,NA,NA,NA,NA,NA
679, The Raid,NA,NA,NA,NA,NA,NA,NA,NA,NA
680, Above the Below,NA,NA,NA,NA,NA,NA,NA,NA,NA
681, Dirty Dozen,NA,NA,NA,NA,NA,NA,NA,NA,NA
682, Wicker,NA,NA,NA,NA,NA,NA,NA,NA,NA
683, No Address,NA,NA,NA,NA,NA,NA,NA,NA,NA
684, Adrift,NA,NA,NA,NA,NA,NA,NA,NA,NA
685, Out of Hand,5.8,17.0,NA,NA,NA,NA,NA,NA,NA
686, The Fabulous Four,NA,NA,NA,NA,NA,NA,NA,NA,NA
687, Sweethearts,NA,NA,NA,NA,NA,NA,NA,NA,NA
688, Anora,NA,NA,NA,NA,NA,NA,NA,NA,NA
689, Played and Betrayed,6.8,17.0,NA,NA,NA,NA,NA,NA,NA
690, The Making Of,NA,NA,NA,NA,NA,NA,NA,NA,NA
691, The Onania Club,NA,NA,NA,NA,NA,NA,NA,NA,NA
692, War Game,7.9,17.0,NA,NA,NA,NA,NA,NA,NA
693, They Found Us,NA,NA,NA,NA,NA,NA,NA,NA,NA
694, Robopocalypse,NA,NA,NA,NA,NA,NA,NA,NA,NA
695, The Beast,NA,NA,NA,NA,NA,NA,NA,NA,NA
696, One Night Stay,8.1,45.0,NA,NA,NA,NA,NA,NA,NA
697, A Guy Walks Into a Bar,NA,NA,NA,NA,NA,NA,NA,NA,NA
698, National Theatre Live: Dear England,8.3,51.0,NA,NA,NA,NA,NA,NA,NA
699, Zootopia 2,NA,NA,NA,NA,NA,NA,NA,NA,NA
700, Hot Milk,NA,NA,NA,NA,NA,NA,NA,NA,NA
701, Morning,NA,NA,NA,NA,NA,NA,NA,NA,NA
702, Masters of the Universe,NA,NA,NA,NA,NA,NA,NA,NA,NA
703, Stress Positions,5.7,61.0,61,Comedy,NA,NA,NA,"John Early, Qaher Harhash, Elizabeth Dement, Theda Hammel",Theda Hammel
704, Flash Gordon,NA,NA,NA,NA,NA,NA,NA,NA,NA
705, Scary Stories to Tell in the Dark 2,NA,NA,NA,NA,NA,NA,NA,NA,NA
706, A Nice Indian Boy,NA,NA,NA,NA,NA,NA,NA,NA,NA
707, The Incal,NA,NA,NA,NA,NA,NA,NA,NA,NA
708, DreamScapes,NA,NA,NA,NA,NA,NA,NA,NA,NA
709, Locked,NA,NA,NA,NA,NA,NA,NA,NA,NA
710, The Heart,NA,NA,NA,NA,NA,NA,NA,NA,NA
711, Scavenger Hunt,NA,NA,NA,NA,NA,NA,NA,NA,NA
712, Untitled Backrooms Feature Film,NA,NA,NA,NA,NA,NA,NA,NA,NA
713, Life on Mars,NA,NA,NA,NA,NA,NA,NA,NA,NA
714, 10 Lives,8.7,32.0,NA,NA,NA,NA,NA,NA,NA
715, Witness for the Prosecution,NA,NA,NA,NA,NA,NA,NA,NA,NA
716, Ultraman: Rising,NA,NA,NA,NA,NA,NA,NA,NA,NA
717, BioShock,NA,NA,NA,NA,NA,NA,NA,NA,NA
718, Apostle Paul,NA,NA,NA,NA,NA,NA,NA,NA,NA
719, I Don't Understand You,NA,NA,NA,NA,NA,NA,NA,NA,NA
720, French Girl,7.4,15.0,NA,NA,NA,NA,NA,NA,NA
721, Athena Saves Christmas,NA,NA,NA,NA,NA,NA,NA,NA,NA
722, Keeper of the Lost Cities,NA,NA,NA,NA,NA,NA,NA,NA,NA
723, Kill the Czar,NA,NA,NA,NA,NA,NA,NA,NA,NA
724, O'Dessa,NA,NA,NA,NA,NA,NA,NA,NA,NA
725, Heart of Darkness,NA,NA,NA,NA,NA,NA,NA,NA,NA
726, Frankenstein: Legacy,NA,NA,NA,NA,NA,NA,NA,NA,NA
727, Good Bad Things,NA,NA,NA,NA,NA,NA,NA,NA,NA
728, Untitled Taika Waititi Star Wars Film,NA,NA,NA,NA,NA,NA,NA,NA,NA
729, A Nanny's Revenge,7.7,18.0,NA,NA,NA,NA,NA,NA,NA
730, Heretic,NA,NA,NA,NA,NA,NA,NA,NA,NA
731, Smashing Machine,NA,NA,NA,NA,NA,NA,NA,NA,NA
732, Star Wars: Rogue Squadron,NA,NA,NA,NA,NA,NA,NA,NA,NA
733, L. Frank Baum's The Wonderful Wizard of Oz,NA,NA,NA,NA,NA,NA,NA,NA,NA
734, Being Mortal,NA,NA,NA,NA,NA,NA,NA,NA,NA
735, The Thicket,NA,NA,NA,NA,NA,NA,NA,NA,NA
736, Hercules,NA,NA,NA,NA,NA,NA,NA,NA,NA
737, Planet of the Koalaroos,NA,NA,NA,NA,NA,NA,NA,NA,NA
738, The Actor,NA,NA,NA,NA,NA,NA,NA,NA,NA
739, Calamity Hustle,NA,NA,NA,NA,NA,NA,NA,NA,NA
740, The Black Hand,NA,NA,NA,NA,NA,NA,NA,NA,NA
741, Skywalkers: A Love Story,7.8,39.0,71,Documentary,NA,NA,NA,"Angela Nikolau, Ivan Beerkus, Andrew Latheron",Maria BukhoninaJeff Zimbalist
742, Moose Jaws,NA,NA,NA,NA,NA,NA,NA,NA,NA
743, King Ivory,NA,NA,NA,NA,NA,NA,NA,NA,NA
744, Bride of Frankenstein,NA,NA,NA,NA,NA,NA,NA,NA,NA
745, The Witcher: Sirens of the Deep,NA,NA,NA,NA,NA,NA,NA,NA,NA
746, The Billionaire's Accidental Bride,NA,NA,NA,NA,NA,NA,NA,NA,NA
747, Diablo,NA,NA,NA,NA,NA,NA,NA,NA,NA
748, Planetquake,6.5,20.0,NA,NA,NA,NA,NA,NA,NA
749, The Floaters,NA,NA,NA,NA,NA,NA,NA,NA,NA
750, Madu,8.9,11.0,NA,NA,NA,NA,NA,NA,NA
751, The Council,NA,NA,NA,NA,NA,NA,NA,NA,NA
752, xXx 4,NA,NA,NA,NA,NA,NA,NA,NA,NA
753, Scrambled,NA,NA,NA,NA,NA,NA,NA,NA,NA
754, Desert Road,NA,NA,NA,NA,NA,NA,NA,NA,NA
755, Mob Girl,NA,NA,NA,NA,NA,NA,NA,NA,NA
756, Grind,NA,NA,NA,NA,NA,NA,NA,NA,NA
757, Conclave,NA,NA,NA,NA,NA,NA,NA,NA,NA
758, One for the Money,NA,NA,NA,NA,NA,NA,NA,NA,NA
759, The Adventures of Drunky,NA,NA,NA,NA,NA,NA,NA,NA,NA
760, Atomic Blonde 2,NA,NA,NA,NA,NA,NA,NA,NA,NA
761, Inheritance,NA,NA,NA,NA,NA,NA,NA,NA,NA
762, Tranquility: Ghost Stories,8.0,41.0,NA,NA,NA,NA,NA,NA,NA
763, Sleeping Dogs,NA,NA,NA,NA,NA,NA,NA,NA,NA
764, Halo,NA,NA,NA,NA,NA,NA,NA,NA,NA
765, Summer Camp,NA,NA,NA,NA,NA,NA,NA,NA,NA
766, The Billion Dollar Spy,NA,NA,NA,NA,NA,NA,NA,NA,NA
767, Riki Rhino: The Bird Kingdom,NA,NA,NA,NA,NA,NA,NA,NA,NA
768, Aftermath,6.5,48.0,NA,NA,NA,NA,NA,NA,NA
769, The Disruptors,NA,NA,NA,NA,NA,NA,NA,NA,NA
770, Christmas at the Interlaken,NA,NA,NA,NA,NA,NA,NA,NA,NA
771, Flight of the Navigator,NA,NA,NA,NA,NA,NA,NA,NA,NA
772, Splinter Cell,NA,NA,NA,NA,NA,NA,NA,NA,NA
773, Dust,NA,NA,NA,NA,NA,NA,NA,NA,NA
774, Unsinkable,NA,NA,NA,NA,NA,NA,NA,NA,NA
775, Sunflower,NA,NA,NA,NA,NA,NA,NA,NA,NA
776, Night Boat to Tangier,NA,NA,NA,NA,NA,NA,NA,NA,NA
777, Robin and the Hoods,NA,NA,NA,NA,NA,NA,NA,NA,NA
778, Don't Tell Mom the Babysitter's Dead,NA,NA,NA,NA,NA,NA,NA,NA,NA
779, Attack of the Fifty Foot Woman,NA,NA,NA,NA,NA,NA,NA,NA,NA
780, Issac,NA,NA,NA,NA,NA,NA,NA,NA,NA
781, Weapons,NA,NA,NA,NA,NA,NA,NA,NA,NA
782, Whistle,NA,NA,NA,NA,NA,NA,NA,NA,NA
783, Teen Titans: Alpha,NA,NA,NA,NA,NA,NA,NA,NA,NA
784, Trevor Noah: Where Was I,6.7,2100.0,NA,NA,NA,NA,NA,NA,NA
785, Companion,NA,NA,NA,NA,NA,NA,NA,NA,NA
786, The Senior,NA,NA,NA,NA,NA,NA,NA,NA,NA
787, Vampires of the Velvet Lounge,NA,NA,NA,NA,NA,NA,NA,NA,NA
788, Planet of the Dead,NA,NA,NA,NA,NA,NA,NA,NA,NA
789, Harvest,NA,NA,NA,NA,NA,NA,NA,NA,NA
790, Teacher's Pet,6.9,18.0,NA,NA,NA,NA,NA,NA,NA
791, April X,NA,NA,NA,NA,NA,NA,NA,NA,NA
792, The Sword in the Stone,NA,NA,NA,NA,NA,NA,NA,NA,NA
793, Madden,NA,NA,NA,NA,NA,NA,NA,NA,NA
794, The Island Between Tides,NA,NA,NA,NA,NA,NA,NA,NA,NA
795, Willy Wonka: The Definitive History,6.7,10.0,NA,NA,NA,NA,NA,NA,NA
796, Witchboard,NA,NA,NA,NA,NA,NA,NA,NA,NA
797, In the Blink of an Eye,NA,NA,NA,NA,NA,NA,NA,NA,NA
798, Deadshot,NA,NA,NA,NA,NA,NA,NA,NA,NA
799, Ursa Major,NA,NA,NA,NA,NA,NA,NA,NA,NA
800, Black Box Diaries,8.0,42.0,87,Documentary,NA,NA,NA,Shiori Ito,Shiori Ito
801, Guns Up,NA,NA,NA,NA,NA,NA,NA,NA,NA
802, Ghost of the Game,NA,NA,NA,NA,NA,NA,NA,NA,NA
803, Spawn,NA,NA,NA,NA,NA,NA,NA,NA,NA
804, The Moogai,6.2,21.0,NA,NA,NA,NA,NA,NA,NA
805, Realm of Satan,5.1,31.0,NA,NA,NA,NA,NA,NA,NA
806, Samaritan 2,NA,NA,NA,NA,NA,NA,NA,NA,NA
807, Flint Strong,NA,NA,NA,NA,NA,NA,NA,NA,NA
808, In Cold Light,NA,NA,NA,NA,NA,NA,NA,NA,NA
809, Happy Life,NA,NA,NA,NA,NA,NA,NA,NA,NA
810, Mayday,NA,NA,NA,NA,NA,NA,NA,NA,NA
811, Ballerina Overdrive,NA,NA,NA,NA,NA,NA,NA,NA,NA
812, Hallow Road,NA,NA,NA,NA,NA,NA,NA,NA,NA
813, Hidden Dragon,NA,NA,NA,NA,NA,NA,NA,NA,NA
814, Rental Family,NA,NA,NA,NA,NA,NA,NA,NA,NA
815, Take My Hand,NA,NA,NA,NA,NA,NA,NA,NA,NA
816, F*** Marry Kill,NA,NA,NA,NA,NA,NA,NA,NA,NA
817, The Pee Pee Poo Poo Man,NA,NA,NA,NA,NA,NA,NA,NA,NA
818, The Tower,NA,NA,NA,NA,NA,NA,NA,NA,NA
819, Bonhoeffer,NA,NA,NA,NA,NA,NA,NA,NA,NA
820, China Rich Girlfriend,NA,NA,NA,NA,NA,NA,NA,NA,NA
821," Eleanor, Invisible",NA,NA,NA,NA,NA,NA,NA,NA,NA
822, Nekrokosm,NA,NA,NA,NA,NA,NA,NA,NA,NA
823, The Buried Giant,NA,NA,NA,NA,NA,NA,NA,NA,NA
824, Hamlet,NA,NA,NA,NA,NA,NA,NA,NA,NA
825, Kinda Pregnant,NA,NA,NA,NA,NA,NA,NA,NA,NA
826, Atari,NA,NA,NA,NA,NA,NA,NA,NA,NA
827, Want Love?...,NA,NA,NA,NA,NA,NA,NA,NA,NA
828, Flash Before the Bang,NA,NA,NA,NA,NA,NA,NA,NA,NA
829, The Friend,NA,NA,NA,NA,NA,NA,NA,NA,NA
830, Rabbit Trap,NA,NA,NA,NA,NA,NA,NA,NA,NA
831, Spider & Jessie,NA,NA,NA,NA,NA,NA,NA,NA,NA
832, Wrong Answer,NA,NA,NA,NA,NA,NA,NA,NA,NA
833, Fog of War,NA,NA,NA,NA,NA,NA,NA,NA,NA
834, Maternal,NA,NA,NA,NA,NA,NA,NA,NA,NA
835, Sweet Dreams,NA,NA,NA,NA,NA,NA,NA,NA,NA
836, Jingle Bell Heist,NA,NA,NA,NA,NA,NA,NA,NA,NA
837, Man & Witch,NA,NA,NA,NA,NA,NA,NA,NA,NA
838, Lonely Planet,NA,NA,NA,NA,NA,NA,NA,NA,NA
839, Compulsion,NA,NA,NA,NA,NA,NA,NA,NA,NA
840, RoboCop Returns,NA,NA,NA,NA,NA,NA,NA,NA,NA
841, Beautiful,NA,NA,NA,NA,NA,NA,NA,NA,NA
842, The Alien Report,NA,NA,NA,NA,NA,NA,NA,NA,NA
843, The Bagman,NA,NA,NA,NA,NA,NA,NA,NA,NA
844, The Throwback,NA,NA,NA,NA,NA,NA,NA,NA,NA
845, Last Swim,7.6,10.0,NA,NA,NA,NA,NA,NA,NA
846, The Parenting,NA,NA,NA,NA,NA,NA,NA,NA,NA
847, Bardejov,NA,NA,NA,NA,NA,NA,NA,NA,NA
848, The Good Spy,NA,NA,NA,NA,NA,NA,NA,NA,NA
849, Plan B,NA,NA,NA,NA,NA,NA,NA,NA,NA
850, The Wild Bunch,NA,NA,NA,NA,NA,NA,NA,NA,NA
851, Joy,NA,NA,NA,NA,NA,NA,NA,NA,NA
852, Skate to Hell,NA,NA,NA,NA,NA,NA,NA,NA,NA
853, Henry Danger: The Movie,NA,NA,NA,NA,NA,NA,NA,NA,NA
854, Rolling Along: Bill Bradley,7.6,10.0,NA,NA,NA,NA,NA,NA,NA
855, Perfect,NA,NA,NA,NA,NA,NA,NA,NA,NA
856, The Good Fight,7.8,83.0,NA,NA,NA,NA,NA,NA,NA
857, Rich Flu,NA,NA,NA,NA,NA,NA,NA,NA,NA
858, Night Has Fallen,NA,NA,NA,NA,NA,NA,NA,NA,NA
859, Untitled Steamboat Willie Horror Film,NA,NA,NA,NA,NA,NA,NA,NA,NA
860, I Am Sybil,NA,NA,NA,NA,NA,NA,NA,NA,NA
861, Girls State,7.6,24.0,76,Documentary,NA,NA,NA,"Cecilia Bartin, Nisha Murali, Tochi Ihekona, Brooke Taylor",Amanda McBaineJesse Moss
862, Dandelion,NA,NA,NA,NA,NA,NA,NA,NA,NA
863, The Girls I've Been,NA,NA,NA,NA,NA,NA,NA,NA,NA
864, This Tempting Madness,NA,NA,NA,NA,NA,NA,NA,NA,NA
865, Stargate,NA,NA,NA,NA,NA,NA,NA,NA,NA
866, Devo,6.9,11.0,75,"Documentary, Music",NA,NA,NA,"Mark Mothersbaugh, Bob Casale, Gerald Casale, Devo",Chris Smith
867, Rez Ball,NA,NA,NA,NA,NA,NA,NA,NA,NA
868, Empire of the Summer Moon,NA,NA,NA,NA,NA,NA,NA,NA,NA
869, The Shallow Tale of a Writer who Decided to Write about a Serial Killer,NA,NA,NA,NA,NA,NA,NA,NA,NA
870, Harvest Moon,NA,NA,NA,NA,NA,NA,NA,NA,NA
871, Lost in Wonderland,NA,NA,NA,NA,NA,NA,NA,NA,NA
872, Mort in Sherman Oaks,NA,NA,NA,NA,NA,NA,NA,NA,NA
873, Aftermath,NA,NA,NA,NA,NA,NA,NA,NA,NA
874, Dying for Fame,5.5,84.0,NA,NA,NA,NA,NA,NA,NA
875, Aurora,NA,NA,NA,NA,NA,NA,NA,NA,NA
876, Schirkoa: In Lies We Trust,6.6,20.0,NA,NA,NA,NA,NA,NA,NA
877, Killing Winston Jones,NA,NA,NA,NA,NA,NA,NA,NA,NA
878, Jack & Lou: a Gangster Love Story,NA,NA,NA,NA,NA,NA,NA,NA,NA
879, White Lies,NA,NA,NA,NA,NA,NA,NA,NA,NA
880, California King,NA,NA,NA,NA,NA,NA,NA,NA,NA
881, Super Toys,NA,NA,NA,NA,NA,NA,NA,NA,NA
882, Sunset Superman,NA,NA,NA,NA,NA,NA,NA,NA,NA
883, David,NA,NA,NA,NA,NA,NA,NA,NA,NA
884, The Trainer,NA,NA,NA,NA,NA,NA,NA,NA,NA
885, The Girl in the Pool,NA,NA,NA,NA,NA,NA,NA,NA,NA
886, 200% Wolf,NA,NA,NA,NA,NA,NA,NA,NA,NA
887, The Exorcist: Deceiver,NA,NA,NA,NA,NA,NA,NA,NA,NA
888, Strangers,NA,NA,NA,NA,NA,NA,NA,NA,NA
889, Born to be Great,NA,NA,NA,NA,NA,NA,NA,NA,NA
890, Untitled Rebuilding Project,NA,NA,NA,NA,NA,NA,NA,NA,NA
891, I Love You Forever,NA,NA,NA,NA,NA,NA,NA,NA,NA
892, Terra Infirma,NA,NA,NA,NA,NA,NA,NA,NA,NA
893, Thanksgiving 2,NA,NA,NA,NA,NA,NA,NA,NA,NA
894, Horizon,7.1,134.0,NA,NA,NA,NA,NA,NA,NA
895, Everyday Parenting Tips,NA,NA,NA,NA,NA,NA,NA,NA,NA
896, Jane,NA,NA,NA,NA,NA,NA,NA,NA,NA
897, With Love,NA,NA,NA,NA,NA,NA,NA,NA,NA
898, A Family Affair,NA,NA,NA,NA,NA,NA,NA,NA,NA
899, Sew Torn,NA,NA,NA,NA,NA,NA,NA,NA,NA
900, Mercy,NA,NA,NA,NA,NA,NA,NA,NA,NA
901, Spider-Man: Blue,NA,NA,NA,NA,NA,NA,NA,NA,NA
902, The Chronology of Water,NA,NA,NA,NA,NA,NA,NA,NA,NA
903, Train Dreams,NA,NA,NA,NA,NA,NA,NA,NA,NA
904, Depravity,NA,NA,NA,NA,NA,NA,NA,NA,NA
905, Little America,NA,NA,NA,NA,NA,NA,NA,NA,NA
906, H. P. Lovecraft's the Old Ones,6.6,7.0,NA,NA,NA,NA,NA,NA,NA
907, The Leader,NA,NA,NA,NA,NA,NA,NA,NA,NA
908," Love, Courage and the Battle of Bushy Run",NA,NA,NA,NA,NA,NA,NA,NA,NA
909, Half Baked 2,NA,NA,NA,NA,NA,NA,NA,NA,NA
910, Black Creek,NA,NA,NA,NA,NA,NA,NA,NA,NA
911, Untitled Star Wars/Obaid-Chinoy Project,NA,NA,NA,NA,NA,NA,NA,NA,NA
912, Summerland Vol.1,NA,NA,NA,NA,NA,NA,NA,NA,NA
913, The Fisherwoman,NA,NA,NA,NA,NA,NA,NA,NA,NA
914, Bad Haircut,NA,NA,NA,NA,NA,NA,NA,NA,NA
915, Fackham Hall,NA,NA,NA,NA,NA,NA,NA,NA,NA
916, The Duke of Marylebone,NA,NA,NA,NA,NA,NA,NA,NA,NA
917, Fortunes of War,8.6,9.0,NA,NA,NA,NA,NA,NA,NA
918, A Soweto Love Story,4.7,60.0,NA,NA,NA,NA,NA,NA,NA
919, Bad Monkeys,NA,NA,NA,NA,NA,NA,NA,NA,NA
920, Halloween: Season of the Boogeyman,NA,NA,NA,NA,NA,NA,NA,NA,NA
921, Dirty Boy,NA,NA,NA,NA,NA,NA,NA,NA,NA
922, The One,NA,NA,NA,NA,NA,NA,NA,NA,NA
923, Last Meals,NA,NA,NA,NA,NA,NA,NA,NA,NA
924, Little Wing,NA,NA,NA,NA,NA,NA,NA,NA,NA
925, Rage of Stars,NA,NA,NA,NA,NA,NA,NA,NA,NA
926, Empires of the Deep,NA,NA,NA,NA,NA,NA,NA,NA,NA
927, Never Let Go,NA,NA,NA,NA,NA,NA,NA,NA,NA
928, The Maid,NA,NA,NA,NA,NA,NA,NA,NA,NA
929, Went Up the Hill,NA,NA,NA,NA,NA,NA,NA,NA,NA
930, Sugarcane,7.9,26.0,92,Documentary,NA,NA,NA,"Charlene Belleau, Ed Archie Noisecat, Julian Brave NoiseCat, Chief Willie Sellars",Emily KassieJulian Brave NoiseCat
931, Treasure,6.4,13.0,NA,NA,NA,NA,NA,NA,NA
932, Animal,NA,NA,NA,NA,NA,NA,NA,NA,NA
933, The Thing About Jellyfish,NA,NA,NA,NA,NA,NA,NA,NA,NA
934, In Your Dreams,NA,NA,NA,NA,NA,NA,NA,NA,NA
935, Osiris,NA,NA,NA,NA,NA,NA,NA,NA,NA
936, Nosferatu,NA,NA,NA,NA,NA,NA,NA,NA,NA
937, Skincare,NA,NA,NA,NA,NA,NA,NA,NA,NA
938, Cognaitive,NA,NA,NA,NA,NA,NA,NA,NA,NA
939, The Supremes at Earl's All-You-Can-Eat,NA,NA,NA,NA,NA,NA,NA,NA,NA
940, Untitled Cloverfield Sequel,NA,NA,NA,NA,NA,NA,NA,NA,NA
941, American Pie 5,NA,NA,NA,NA,NA,NA,NA,NA,NA
942, Cash Out 2: High Rollers,NA,NA,NA,NA,NA,NA,NA,NA,NA
943, The Shrinking of Treehorn,NA,NA,NA,NA,NA,NA,NA,NA,NA
944, The Show Must Go On II: The End of the World,NA,NA,NA,NA,NA,NA,NA,NA,NA
945, That Christmas,NA,NA,NA,NA,NA,NA,NA,NA,NA
946, Prisoners of Paradise,NA,NA,NA,NA,NA,NA,NA,NA,NA
947, Until Dawn,NA,NA,NA,NA,NA,NA,NA,NA,NA
948, The Ploughmen,NA,NA,NA,NA,NA,NA,NA,NA,NA
949, Stand Your Ground,NA,NA,NA,NA,NA,NA,NA,NA,NA
950, Boner,NA,NA,NA,NA,NA,NA,NA,NA,NA
951, Untitled Alien Prequel,NA,NA,NA,NA,NA,NA,NA,NA,NA
952, Gundam I: The Live-Action Movie,NA,NA,NA,NA,NA,NA,NA,NA,NA
953, Stepdude,NA,NA,NA,NA,NA,NA,NA,NA,NA
954, The Satire,NA,NA,NA,NA,NA,NA,NA,NA,NA
955, Bullets for Winter,NA,NA,NA,NA,NA,NA,NA,NA,NA
956, Au fil des saisons,NA,NA,NA,NA,NA,NA,NA,NA,NA
957, Spy 2,NA,NA,NA,NA,NA,NA,NA,NA,NA
958, Girls Trip 2,NA,NA,NA,NA,NA,NA,NA,NA,NA
959, My Bloody Galentine,7.1,36.0,NA,NA,NA,NA,NA,NA,NA
960, A Rare Grand Alignment,NA,NA,NA,NA,NA,NA,NA,NA,NA
961, The Dutchman,NA,NA,NA,NA,NA,NA,NA,NA,NA
962, Out for Vengeance,NA,NA,NA,NA,NA,NA,NA,NA,NA
963, House of Spoils,NA,NA,NA,NA,NA,NA,NA,NA,NA
964, Love Child,NA,NA,NA,NA,NA,NA,NA,NA,NA
965, Axe2Grind,NA,NA,NA,NA,NA,NA,NA,NA,NA
966, The Inheritance,NA,NA,NA,NA,NA,NA,NA,NA,NA
967, Live Action Toy Story 2,NA,NA,NA,NA,NA,NA,NA,NA,NA
968, Into the Deep,NA,NA,NA,NA,NA,NA,NA,NA,NA
969, The Nut Farm,NA,NA,NA,NA,NA,NA,NA,NA,NA
970, Visitation,NA,NA,NA,NA,NA,NA,NA,NA,NA
971, Cold Deck,NA,NA,NA,NA,NA,NA,NA,NA,NA
972, Down Under Cover,NA,NA,NA,NA,NA,NA,NA,NA,NA
973, Doin' It,NA,NA,NA,NA,NA,NA,NA,NA,NA
974, Fever,NA,NA,NA,NA,NA,NA,NA,NA,NA
975, Hocus Pocus 3,NA,NA,NA,NA,NA,NA,NA,NA,NA
976, Untitled Merle Haggard Biopic,NA,NA,NA,NA,NA,NA,NA,NA,NA
977, Quarter,NA,NA,NA,NA,NA,NA,NA,NA,NA
978, Giannis: The Marvelous Journey,NA,NA,NA,NA,NA,NA,NA,NA,NA
979, Home sweet home Rebirth,NA,NA,NA,NA,NA,NA,NA,NA,NA
980, The Book of Jobs,NA,NA,NA,NA,NA,NA,NA,NA,NA
981, The Seductress from Hell,NA,NA,NA,NA,NA,NA,NA,NA,NA
982, Dragonkeeper,NA,NA,NA,NA,NA,NA,NA,NA,NA
983, Gold Raiders,8.4,12.0,NA,NA,NA,NA,NA,NA,NA
984, Tragic Waste,NA,NA,NA,NA,NA,NA,NA,NA,NA
985, Untitled Star Wars,NA,NA,NA,NA,NA,NA,NA,NA,NA
986, Starbright,NA,NA,NA,NA,NA,NA,NA,NA,NA
987, Don't Move,NA,NA,NA,NA,NA,NA,NA,NA,NA
988, Hansel & Gretel: Witch Hunters 2,NA,NA,NA,NA,NA,NA,NA,NA,NA
989, 72 Hours,NA,NA,NA,NA,NA,NA,NA,NA,NA
990, Government Cheese,NA,NA,NA,NA,NA,NA,NA,NA,NA
991, Desire Lines,7.4,25.0,NA,NA,NA,NA,NA,NA,NA
992, Bob Trevino Likes It,NA,NA,NA,NA,NA,NA,NA,NA,NA
993, The Nickel Boys,NA,NA,NA,NA,NA,NA,NA,NA,NA
994, One Night in Bath,NA,NA,NA,NA,NA,NA,NA,NA,NA
995, Incoming,NA,NA,NA,NA,NA,NA,NA,NA,NA
996, Zelda,NA,NA,NA,NA,NA,NA,NA,NA,NA
997, The Pink Panther,NA,NA,NA,NA,NA,NA,NA,NA,NA
998, Persephone,NA,NA,NA,NA,NA,NA,NA,NA,NA
999, The Farmhouse Murders,NA,NA,NA,NA,NA,NA,NA,NA,NA
1000," Average Height, Average Build",NA,NA,NA,NA,NA,NA,NA,NA,NA
1001, Fake!,NA,NA,NA,NA,NA,NA,NA,NA,NA
1002, Littlemouth,NA,NA,NA,NA,NA,NA,NA,NA,NA
1003, The Smack,NA,NA,NA,NA,NA,NA,NA,NA,NA
1004, Detour 95,NA,NA,NA,NA,NA,NA,NA,NA,NA
1005, District 10,NA,NA,NA,NA,NA,NA,NA,NA,NA
1006, Waltzing with Brando,NA,NA,NA,NA,NA,NA,NA,NA,NA
1007, Prince of Cats,NA,NA,NA,NA,NA,NA,NA,NA,NA
1008, War Blade,8.2,20.0,NA,NA,NA,NA,NA,NA,NA
1009, Untitled Hypno-Hustler Project,NA,NA,NA,NA,NA,NA,NA,NA,NA
1010, Ride Along 3,NA,NA,NA,NA,NA,NA,NA,NA,NA
1011, Haywire,NA,NA,NA,NA,NA,NA,NA,NA,NA
1012, Last Flamingo of the Red Summer Sunset,9.6,8.0,NA,NA,NA,NA,NA,NA,NA
1013, K-Pop: Lost in America,NA,NA,NA,NA,NA,NA,NA,NA,NA
1014, Space Cadet,NA,NA,NA,NA,NA,NA,NA,NA,NA
1015," Miss You, Love You",NA,NA,NA,NA,NA,NA,NA,NA,NA
1016, London Calling,NA,NA,NA,NA,NA,NA,NA,NA,NA
1017, If She Burns,NA,NA,NA,NA,NA,NA,NA,NA,NA
1018, Humane,NA,NA,NA,NA,NA,NA,NA,NA,NA
1019, Chosen One: Alexandre Daigle,7.5,48.0,NA,NA,NA,NA,NA,NA,NA
1020, She's Obsessed with My Husband,6.5,20.0,NA,NA,NA,NA,NA,NA,NA
1021, One Fast Move,NA,NA,NA,NA,NA,NA,NA,NA,NA
1022, America Is Sinking,3.6,22.0,NA,NA,NA,NA,NA,NA,NA
1023, A Good Girls Guide to Murder,NA,NA,NA,NA,NA,NA,NA,NA,NA
1024, Love Machina,7.1,21.0,NA,NA,NA,NA,NA,NA,NA
1025, London,NA,NA,NA,NA,NA,NA,NA,NA,NA
1026, Rittenhouse Square,NA,NA,NA,NA,NA,NA,NA,NA,NA
1027, Family,NA,NA,NA,NA,NA,NA,NA,NA,NA
1028, Unsound,NA,NA,NA,NA,NA,NA,NA,NA,NA
1029, Need for Speed 2,NA,NA,NA,NA,NA,NA,NA,NA,NA
1030, Spin the Bottle,NA,NA,NA,NA,NA,NA,NA,NA,NA
1031, Who Framed Roger Rabbit 2,NA,NA,NA,NA,NA,NA,NA,NA,NA
1032, Intention,9.5,44.0,NA,NA,NA,NA,NA,NA,NA
1033, Tonight at Noon,NA,NA,NA,NA,NA,NA,NA,NA,NA
1034, On Fire,NA,NA,NA,NA,NA,NA,NA,NA,NA
1035, Renner,NA,NA,NA,NA,NA,NA,NA,NA,NA
1036, Stone Mattress,NA,NA,NA,NA,NA,NA,NA,NA,NA
1037, Touch,NA,NA,NA,NA,NA,NA,NA,NA,NA
1038, The Fixer,NA,NA,NA,NA,NA,NA,NA,NA,NA
1039, Poor Boy,NA,NA,NA,NA,NA,NA,NA,NA,NA
1040, Strictly Confidential,NA,NA,NA,NA,NA,NA,NA,NA,NA
1041, Paris Paramount,NA,NA,NA,NA,NA,NA,NA,NA,NA
1042, Amityville Bigfoot,5.1,27.0,NA,NA,NA,NA,NA,NA,NA
1043," Faster, Cheaper, Better",NA,NA,NA,NA,NA,NA,NA,NA,NA
1044, No Better Place to Die,NA,NA,NA,NA,NA,NA,NA,NA,NA
1045, Mouse Guard,NA,NA,NA,NA,NA,NA,NA,NA,NA
1046, Untitled the Gray Man Sequel,NA,NA,NA,NA,NA,NA,NA,NA,NA
1047, Miraculous,NA,NA,NA,NA,NA,NA,NA,NA,NA
1048, Psycho Killer,NA,NA,NA,NA,NA,NA,NA,NA,NA
1049, Mistletoe Moments,6.0,162.0,NA,NA,NA,NA,NA,NA,NA
1050, Little Bee,NA,NA,NA,NA,NA,NA,NA,NA,NA
1051, Botch,6.1,15.0,NA,NA,NA,NA,NA,NA,NA
1052, Animal Farm,NA,NA,NA,NA,NA,NA,NA,NA,NA
1053, Can You Hear Me?,NA,NA,NA,NA,NA,NA,NA,NA,NA
1054, Kill Me,NA,NA,NA,NA,NA,NA,NA,NA,NA
1055, Run All Night 2,NA,NA,NA,NA,NA,NA,NA,NA,NA
1056, Kung Fu Slayers,NA,NA,NA,NA,NA,NA,NA,NA,NA
1057, Palette,NA,NA,NA,NA,NA,NA,NA,NA,NA
1058, The Prince of Fashion,NA,NA,NA,NA,NA,NA,NA,NA,NA
1059, Spider-Man 4: Fan Film,NA,NA,NA,NA,NA,NA,NA,NA,NA
1060, The Adventures of Sleepy the Magical Bear: The Movie,NA,NA,NA,NA,NA,NA,NA,NA,NA
1061, Cherry Bomb,3.1,22.0,NA,NA,NA,NA,NA,NA,NA
1062, Kid Snow,NA,NA,NA,NA,NA,NA,NA,NA,NA
1063, Séance Games: Metaxu,NA,NA,NA,NA,NA,NA,NA,NA,NA
1064, Another in the Fire,NA,NA,NA,NA,NA,NA,NA,NA,NA
1065, Wingmen,NA,NA,NA,NA,NA,NA,NA,NA,NA
1066, Baywatch: The Documentary,NA,NA,NA,NA,NA,NA,NA,NA,NA
1067, The Image of You,NA,NA,NA,NA,NA,NA,NA,NA,NA
1068, Rogue Male,NA,NA,NA,NA,NA,NA,NA,NA,NA
1069, Spiral,NA,NA,NA,NA,NA,NA,NA,NA,NA
1070, Deadly Games,NA,NA,NA,NA,NA,NA,NA,NA,NA
1071, The Mountain,NA,NA,NA,NA,NA,NA,NA,NA,NA
1072, Atrabilious,NA,NA,NA,NA,NA,NA,NA,NA,NA
1073, Fantastic Beasts and Where to Find Them 5,NA,NA,NA,NA,NA,NA,NA,NA,NA
1074, Beyond the Beach: The Hell and the Hope,8.6,16.0,NA,NA,NA,NA,NA,NA,NA
1075, The Greatest Ever,NA,NA,NA,NA,NA,NA,NA,NA,NA
1076, Lucy 2,NA,NA,NA,NA,NA,NA,NA,NA,NA
1077, In the Shadow of the Mountain,NA,NA,NA,NA,NA,NA,NA,NA,NA
1078, Sex-Positive,NA,NA,NA,NA,NA,NA,NA,NA,NA
1079, Turn Up the Sun!,NA,NA,NA,NA,NA,NA,NA,NA,NA
1080, Children of Blood and Bone,NA,NA,NA,NA,NA,NA,NA,NA,NA
1081, We Were Dangerous,NA,NA,NA,NA,NA,NA,NA,NA,NA
1082, Percy Jackson and the Titan's Curse,NA,NA,NA,NA,NA,NA,NA,NA,NA
1083, Memoir of a Snail,NA,NA,NA,NA,NA,NA,NA,NA,NA
1084, A Stranger in the Woods,NA,NA,NA,NA,NA,NA,NA,NA,NA
1085, Empress of Serenity,NA,NA,NA,NA,NA,NA,NA,NA,NA
1086, Kickboxer: Armageddon,NA,NA,NA,NA,NA,NA,NA,NA,NA
1087, Dragons on the Hill,4.5,33.0,NA,NA,NA,NA,NA,NA,NA
1088, Labor of Love,NA,NA,NA,NA,NA,NA,NA,NA,NA
1089, Riptide,NA,NA,NA,NA,NA,NA,NA,NA,NA
1090, Pools,NA,NA,NA,NA,NA,NA,NA,NA,NA
1091, Tyger,8.7,7.0,NA,NA,NA,NA,NA,NA,NA
1092, The Mother God,NA,NA,NA,NA,NA,NA,NA,NA,NA
1093, Saint Clare,NA,NA,NA,NA,NA,NA,NA,NA,NA
1094, Bunker,NA,NA,NA,NA,NA,NA,NA,NA,NA
1095, Electra,NA,NA,NA,NA,NA,NA,NA,NA,NA
1096, Roleplay,NA,NA,NA,NA,NA,NA,NA,NA,NA
1097, This Soldier's Heart,NA,NA,NA,NA,NA,NA,NA,NA,NA
1098, Mr. and Mrs. Jones,NA,NA,NA,NA,NA,NA,NA,NA,NA
1099, Longing,NA,NA,NA,NA,NA,NA,NA,NA,NA
1100, The Home,NA,NA,NA,NA,NA,NA,NA,NA,NA
1101, The Housewife,NA,NA,NA,NA,NA,NA,NA,NA,NA
1102, Young Werther,NA,NA,NA,NA,NA,NA,NA,NA,NA
1103, Naughty,NA,NA,NA,NA,NA,NA,NA,NA,NA
1104, AMFAD All My Friends Are Dead,NA,NA,NA,NA,NA,NA,NA,NA,NA
1105, No title,NA,NA,NA,NA,NA,NA,NA,NA,NA
1106, Just Breathe,NA,NA,NA,NA,NA,NA,NA,NA,NA
1107, Degenerate,NA,NA,NA,NA,NA,NA,NA,NA,NA
1108, The Kingkiller Chronicle,NA,NA,NA,NA,NA,NA,NA,NA,NA
1109, A Dream Beyond the Dark,NA,NA,NA,NA,NA,NA,NA,NA,NA
1110, Ray Gunn,NA,NA,NA,NA,NA,NA,NA,NA,NA
1111, Dante's Inferno,NA,NA,NA,NA,NA,NA,NA,NA,NA
1112, Hellhounds,4.2,20.0,NA,NA,NA,NA,NA,NA,NA
1113, Toni Erdmann,NA,NA,NA,NA,NA,NA,NA,NA,NA
1114," Alexander and the Terrible, Horrible, No Good, Very Bad Road Trip",NA,NA,NA,NA,NA,NA,NA,NA,NA
1115, The Anarchists vs ISIS,NA,NA,NA,NA,NA,NA,NA,NA,NA
1116, Thelma,NA,NA,NA,NA,NA,NA,NA,NA,NA
1117, Demise,NA,NA,NA,NA,NA,NA,NA,NA,NA
1118, Limonov: The Ballad of Eddie,NA,NA,NA,NA,NA,NA,NA,NA,NA
1119, Crystal Lake,NA,NA,NA,NA,NA,NA,NA,NA,NA
1120, Hood Riches,NA,NA,NA,NA,NA,NA,NA,NA,NA
1121, Farnsworth House,NA,NA,NA,NA,NA,NA,NA,NA,NA
1122, You Can't Run Forever,NA,NA,NA,NA,NA,NA,NA,NA,NA
1123, Amy Winehouse,NA,NA,NA,NA,NA,NA,NA,NA,NA
1124, Happy Suicide,NA,NA,NA,NA,NA,NA,NA,NA,NA
1125, The Beacon,NA,NA,NA,NA,NA,NA,NA,NA,NA
1126, Fools,NA,NA,NA,NA,NA,NA,NA,NA,NA
1127, We Strangers,NA,NA,NA,NA,NA,NA,NA,NA,NA
1128, B.O.O.: Bureau of Otherworldly Operations,NA,NA,NA,NA,NA,NA,NA,NA,NA
1129, Wicked Game,NA,NA,NA,NA,NA,NA,NA,NA,NA
1130, As We Speak,7.0,22.0,NA,NA,NA,NA,NA,NA,NA
1131, Min fantastiske fremmede,7.8,9.0,NA,NA,NA,NA,NA,NA,NA
1132, The Wizard Hunter: The Hunt for Evangelion Crowley,NA,NA,NA,NA,NA,NA,NA,NA,NA
1133, Plight,NA,NA,NA,NA,NA,NA,NA,NA,NA
1134, Untitled Patrick Aiello/Timur Bekmambetov Sci-FI Pic,NA,NA,NA,NA,NA,NA,NA,NA,NA
1135, Camp,NA,NA,NA,NA,NA,NA,NA,NA,NA
1136, Spanks,NA,NA,NA,NA,NA,NA,NA,NA,NA
1137, The Madones,NA,NA,NA,NA,NA,NA,NA,NA,NA
1138, Above the Law 2,NA,NA,NA,NA,NA,NA,NA,NA,NA
1139, Universe's Most Wanted,NA,NA,NA,NA,NA,NA,NA,NA,NA
1140, Rio,NA,NA,NA,NA,NA,NA,NA,NA,NA
1141, Seveneves,NA,NA,NA,NA,NA,NA,NA,NA,NA
1142, Something in the Water,NA,NA,NA,NA,NA,NA,NA,NA,NA
1143, Bookworm,NA,NA,NA,NA,NA,NA,NA,NA,NA
1144, Winter of the Crow,NA,NA,NA,NA,NA,NA,NA,NA,NA
1145, The Man Who Saved Paris,NA,NA,NA,NA,NA,NA,NA,NA,NA
1146, Die Alone,NA,NA,NA,NA,NA,NA,NA,NA,NA
1147, A Manual for Cleaning Women,NA,NA,NA,NA,NA,NA,NA,NA,NA
1148, Supergirl: Titans,NA,NA,NA,NA,NA,NA,NA,NA,NA
1149, Christmas Eve in Miller's Point,NA,NA,NA,NA,NA,NA,NA,NA,NA
1150, Mundije,NA,NA,NA,NA,NA,NA,NA,NA,NA
1151, Horny Teenagers Must Die!,3.9,58.0,NA,NA,NA,NA,NA,NA,NA
1152, Somewhere in Dreamland,NA,NA,NA,NA,NA,NA,NA,NA,NA
1153, The Friendly,NA,NA,NA,NA,NA,NA,NA,NA,NA
1154, City of Dreams,NA,NA,NA,NA,NA,NA,NA,NA,NA
1155, Shattered Glass: A WNBPA Story,5.3,23.0,NA,NA,NA,NA,NA,NA,NA
1156, Watch the Skies,NA,NA,NA,NA,NA,NA,NA,NA,NA
1157, The Chelsea Cowboy,NA,NA,NA,NA,NA,NA,NA,NA,NA
1158, Saturday at the Starlight,NA,NA,NA,NA,NA,NA,NA,NA,NA
1159, The Vortex,NA,NA,NA,NA,NA,NA,NA,NA,NA
1160, 12 Games of Christmas,4.8,140.0,NA,NA,NA,NA,NA,NA,NA
1161, Ugly Love,NA,NA,NA,NA,NA,NA,NA,NA,NA
1162, Snooker Man,5.9,44.0,NA,NA,NA,NA,NA,NA,NA
1163, Alphas,NA,NA,NA,NA,NA,NA,NA,NA,NA
1164, Brute 1976,NA,NA,NA,NA,NA,NA,NA,NA,NA
1165, Matt and Mara,NA,NA,NA,NA,NA,NA,NA,NA,NA
1166, Bad Day at the Office,NA,NA,NA,NA,NA,NA,NA,NA,NA
1167, Your Name,NA,NA,NA,NA,NA,NA,NA,NA,NA
1168, Luther: Never Too Much,7.9,21.0,NA,NA,NA,NA,NA,NA,NA
1169, Milarepa,NA,NA,NA,NA,NA,NA,NA,NA,NA
1170, June and John,NA,NA,NA,NA,NA,NA,NA,NA,NA
1171, Detained,NA,NA,NA,NA,NA,NA,NA,NA,NA
1172, Empire Queen,8.0,10.0,NA,NA,NA,NA,NA,NA,NA
1173," Black, White & Blue",NA,NA,NA,NA,NA,NA,NA,NA,NA
1174, Bloodlines,NA,NA,NA,NA,NA,NA,NA,NA,NA
1175, Amorous,NA,NA,NA,NA,NA,NA,NA,NA,NA
1176, Francis and the Godfather,NA,NA,NA,NA,NA,NA,NA,NA,NA
1177, The Man with the Bag,NA,NA,NA,NA,NA,NA,NA,NA,NA
1178, Leo Reich: Literally Who Cares?!,5.8,222.0,NA,NA,NA,NA,NA,NA,NA
1179, BARE - The Beginning,7.7,21.0,NA,NA,NA,NA,NA,NA,NA
1180, F Plus,NA,NA,NA,NA,NA,NA,NA,NA,NA
1181, Cry from the Sea,NA,NA,NA,NA,NA,NA,NA,NA,NA
1182, Bob the Builder,NA,NA,NA,NA,NA,NA,NA,NA,NA
1183, Mars,NA,NA,NA,NA,NA,NA,NA,NA,NA
1184, Don't Open the Door,NA,NA,NA,NA,NA,NA,NA,NA,NA
1185, One Heart,NA,NA,NA,NA,NA,NA,NA,NA,NA
1186, The End of Getting Lost,NA,NA,NA,NA,NA,NA,NA,NA,NA
1187, The Crooked Man,NA,NA,NA,NA,NA,NA,NA,NA,NA
1188, Saltbush,NA,NA,NA,NA,NA,NA,NA,NA,NA
1189, Ball and Chain,NA,NA,NA,NA,NA,NA,NA,NA,NA
1190, A Christmas Carol,NA,NA,NA,NA,NA,NA,NA,NA,NA
1191, The Wrong,NA,NA,NA,NA,NA,NA,NA,NA,NA
1192, Beyond the Lake,8.1,11.0,NA,NA,NA,NA,NA,NA,NA
1193, Born to Run,NA,NA,NA,NA,NA,NA,NA,NA,NA
1194, Trick and Treats,NA,NA,NA,NA,NA,NA,NA,NA,NA
1195, This Too Shall Pass,NA,NA,NA,NA,NA,NA,NA,NA,NA
1196, Green Lantern Corps,NA,NA,NA,NA,NA,NA,NA,NA,NA
1197, Chaperone,8.9,17.0,NA,NA,NA,NA,NA,NA,NA
1198, After Exile,NA,NA,NA,NA,NA,NA,NA,NA,NA
1199, Tower of Terror,NA,NA,NA,NA,NA,NA,NA,NA,NA
1200, The Melon Heads: House of Crow,NA,NA,NA,NA,NA,NA,NA,NA,NA
1201, The Visitor,8.6,6.0,NA,NA,NA,NA,NA,NA,NA
1202, Tinker Bell,NA,NA,NA,NA,NA,NA,NA,NA,NA
1203, The Creed of Violence,NA,NA,NA,NA,NA,NA,NA,NA,NA
1204, Fly Old Bird: Escape to the Ark,NA,NA,NA,NA,NA,NA,NA,NA,NA
1205, The Great Salish Heist,NA,NA,NA,NA,NA,NA,NA,NA,NA
1206, All There Is,NA,NA,NA,NA,NA,NA,NA,NA,NA
1207, Seeking Mavis Beacon,5.5,20.0,63,Documentary,NA,NA,NA,"Jazmin Jones, Olivia McKayla Ross",Jazmin Jones
1208, Who Am I,NA,NA,NA,NA,NA,NA,NA,NA,NA
1209, Polara,NA,NA,NA,NA,NA,NA,NA,NA,NA
1210, Ghost Army,NA,NA,NA,NA,NA,NA,NA,NA,NA
1211, Goon Squad,NA,NA,NA,NA,NA,NA,NA,NA,NA
1212, Vindication Swim,NA,NA,NA,NA,NA,NA,NA,NA,NA
1213, I Live Here Now,NA,NA,NA,NA,NA,NA,NA,NA,NA
1214, Architecton,NA,NA,NA,NA,NA,NA,NA,NA,NA
1215, The Fix,NA,NA,NA,NA,NA,NA,NA,NA,NA
1216," Someone's Daughter, Someone's Son",NA,NA,NA,NA,NA,NA,NA,NA,NA
1217, Barbenheimer,NA,NA,NA,NA,NA,NA,NA,NA,NA
1218, The Fall,NA,NA,NA,NA,NA,NA,NA,NA,NA
1219, The Phantom Warrior,NA,NA,NA,NA,NA,NA,NA,NA,NA
1220, Carole & Grey,NA,NA,NA,NA,NA,NA,NA,NA,NA
1221, Break the Cycle,NA,NA,NA,NA,NA,NA,NA,NA,NA
1222, Kayara,NA,NA,NA,NA,NA,NA,NA,NA,NA
1223, Untitled Linda Ronstadt Biopic,NA,NA,NA,NA,NA,NA,NA,NA,NA
1224, Fear Is the Rider,NA,NA,NA,NA,NA,NA,NA,NA,NA
1225, Signal Hill,NA,NA,NA,NA,NA,NA,NA,NA,NA
1226, Pieces,NA,NA,NA,NA,NA,NA,NA,NA,NA
1227, Attack the Block 2,NA,NA,NA,NA,NA,NA,NA,NA,NA
1228, Ram Janmabhoomi - Return of a Splendid Sun,8.4,39.0,NA,NA,NA,NA,NA,NA,NA
1229, Bambi,NA,NA,NA,NA,NA,NA,NA,NA,NA
1230, Sacrifice,NA,NA,NA,NA,NA,NA,NA,NA,NA
1231, Dreamquil,NA,NA,NA,NA,NA,NA,NA,NA,NA
1232, Irena Sendler,NA,NA,NA,NA,NA,NA,NA,NA,NA
1233, Hollywood Heist,NA,NA,NA,NA,NA,NA,NA,NA,NA
1234, Halo of Stars,NA,NA,NA,NA,NA,NA,NA,NA,NA
1235, Bank of Dave 'The Sequel',NA,NA,NA,NA,NA,NA,NA,NA,NA
1236, All Illusions Must Be Broken,NA,NA,NA,NA,NA,NA,NA,NA,NA
1237, The 4:30 Movie,NA,NA,NA,NA,NA,NA,NA,NA,NA
1238, Luna Park,NA,NA,NA,NA,NA,NA,NA,NA,NA
1239, Lost & Found in Cleveland,NA,NA,NA,NA,NA,NA,NA,NA,NA
1240, Unit 234,NA,NA,NA,NA,NA,NA,NA,NA,NA
1241, The Man in the Box,NA,NA,NA,NA,NA,NA,NA,NA,NA
1242, New Fears Eve,8.7,228.0,NA,NA,NA,NA,NA,NA,NA
1243, If It Bleeds,NA,NA,NA,NA,NA,NA,NA,NA,NA
1244, Xeno,NA,NA,NA,NA,NA,NA,NA,NA,NA
1245, Dead Guy,NA,NA,NA,NA,NA,NA,NA,NA,NA
1246, James the Second,NA,NA,NA,NA,NA,NA,NA,NA,NA
1247, Bad Apples,NA,NA,NA,NA,NA,NA,NA,NA,NA
1248, Reloaded 2,8.7,285.0,NA,NA,NA,NA,NA,NA,NA
1249, Lost on a Mountain in Maine,NA,NA,NA,NA,NA,NA,NA,NA,NA
1250, Tendaberry,6.8,23.0,NA,NA,NA,NA,NA,NA,NA
1251, Animal Within,NA,NA,NA,NA,NA,NA,NA,NA,NA
1252, The Fountainhead,NA,NA,NA,NA,NA,NA,NA,NA,NA
1253, Jungle Book 2,NA,NA,NA,NA,NA,NA,NA,NA,NA
1254, Grizzly Night,NA,NA,NA,NA,NA,NA,NA,NA,NA
1255, Artist in Residence,NA,NA,NA,NA,NA,NA,NA,NA,NA
1256, Saurus City,NA,NA,NA,NA,NA,NA,NA,NA,NA
1257, Rockbottom,NA,NA,NA,NA,NA,NA,NA,NA,NA
1258, Star Chaser,NA,NA,NA,NA,NA,NA,NA,NA,NA
1259, Odysseus the Immortal: Part I,NA,NA,NA,NA,NA,NA,NA,NA,NA
1260, The Mummy Murders,NA,NA,NA,NA,NA,NA,NA,NA,NA
1261, Crooks,NA,NA,NA,NA,NA,NA,NA,NA,NA
1262," Me, You",NA,NA,NA,NA,NA,NA,NA,NA,NA
1263, If That Mockingbird Don't Sing,NA,NA,NA,NA,NA,NA,NA,NA,NA
1264, Rogue Elements: A Ryan Drake Story,NA,NA,NA,NA,NA,NA,NA,NA,NA
1265, Gears of War,NA,NA,NA,NA,NA,NA,NA,NA,NA
1266, Pierre the Pigeon-Hawk,NA,NA,NA,NA,NA,NA,NA,NA,NA
1267, Young Sinner,NA,NA,NA,NA,NA,NA,NA,NA,NA
1268, Chuck Hank and the San Diego Twins,NA,NA,NA,NA,NA,NA,NA,NA,NA
1269, The Front Room,NA,NA,NA,NA,NA,NA,NA,NA,NA
1270, Clean Up Crew,NA,NA,NA,NA,NA,NA,NA,NA,NA
1271, Hard Feelings,NA,NA,NA,NA,NA,NA,NA,NA,NA
1272, Silverback,7.9,54.0,NA,NA,NA,NA,NA,NA,NA
1273, The Hopeful,NA,NA,NA,NA,NA,NA,NA,NA,NA
1274, Bad Teacher 2,NA,NA,NA,NA,NA,NA,NA,NA,NA
1275, Sunset Boulevard,NA,NA,NA,NA,NA,NA,NA,NA,NA
1276, Groove Tails,NA,NA,NA,NA,NA,NA,NA,NA,NA
1277, The Cow,NA,NA,NA,NA,NA,NA,NA,NA,NA
1278, Untitled Marvel X-Men Film,NA,NA,NA,NA,NA,NA,NA,NA,NA
1279, The Purge: Survival,NA,NA,NA,NA,NA,NA,NA,NA,NA
1280, Hate to See You Go,NA,NA,NA,NA,NA,NA,NA,NA,NA
1281, Succubus,NA,NA,NA,NA,NA,NA,NA,NA,NA
1282, Oddity,NA,NA,NA,NA,NA,NA,NA,NA,NA
1283, Aladdin: Live from the West End,NA,NA,NA,NA,NA,NA,NA,NA,NA
1284, Untitled Call Me by Your Name Sequel,NA,NA,NA,NA,NA,NA,NA,NA,NA
1285, Bubbles and the Shitrockers,NA,NA,NA,NA,NA,NA,NA,NA,NA
1286, God Bless You Al Pacino,NA,NA,NA,NA,NA,NA,NA,NA,NA
1287, Knee Deep,6.1,12.0,NA,NA,NA,NA,NA,NA,NA
1288, The Epic of Gilgamesh,NA,NA,NA,NA,NA,NA,NA,NA,NA
1289, The Evil Within,NA,NA,NA,NA,NA,NA,NA,NA,NA
1290, The Conquest: William the Conqueror,NA,NA,NA,NA,NA,NA,NA,NA,NA
1291, Oz the Great and Powerful 2,NA,NA,NA,NA,NA,NA,NA,NA,NA
1292, Devil's Knight,NA,NA,NA,NA,NA,NA,NA,NA,NA
1293, Forelock,NA,NA,NA,NA,NA,NA,NA,NA,NA
1294, Sexual Healing,NA,NA,NA,NA,NA,NA,NA,NA,NA
1295, Miss Valentine,NA,NA,NA,NA,NA,NA,NA,NA,NA
1296, Diminishing Value of Love,NA,NA,NA,NA,NA,NA,NA,NA,NA
1297, A Good Enough Day,NA,NA,NA,NA,NA,NA,NA,NA,NA
1298, Bad Faith,NA,NA,NA,NA,NA,NA,NA,NA,NA
1299, Dickweed,NA,NA,NA,NA,NA,NA,NA,NA,NA
1300, Death on the Dearborn,NA,NA,NA,NA,NA,NA,NA,NA,NA
1301, The Penguin Lessons,NA,NA,NA,NA,NA,NA,NA,NA,NA
1302, Going Places,NA,NA,NA,NA,NA,NA,NA,NA,NA
1303, Book of the Dead,NA,NA,NA,NA,NA,NA,NA,NA,NA
1304, Infernus,NA,NA,NA,NA,NA,NA,NA,NA,NA
1305, Side Effects May Vary,7.6,8.0,NA,NA,NA,NA,NA,NA,NA
1306, FNAF Roblox Movie,NA,NA,NA,NA,NA,NA,NA,NA,NA
1307, Sway,NA,NA,NA,NA,NA,NA,NA,NA,NA
1308, Union,7.8,23.0,75,Documentary,NA,NA,NA,"Chris Smalls, Angelika Maldonado, Connor Spence, Derrick Palmer",Stephen MaingBrett Story
1309, The Morrigan,NA,NA,NA,NA,NA,NA,NA,NA,NA
1310, Sheela,NA,NA,NA,NA,NA,NA,NA,NA,NA
1311, Rocking the Boat,NA,NA,NA,NA,NA,NA,NA,NA,NA
1312, Beyond Borders,NA,NA,NA,NA,NA,NA,NA,NA,NA
1313," Spider Baby, or the Maddest Story Ever Told",7.2,16.0,NA,NA,NA,NA,NA,NA,NA
1314, Remote Control,NA,NA,NA,NA,NA,NA,NA,NA,NA
1315, The Wrecker,NA,NA,NA,NA,NA,NA,NA,NA,NA
1316, The Upper World,NA,NA,NA,NA,NA,NA,NA,NA,NA
1317, Killing Faith,NA,NA,NA,NA,NA,NA,NA,NA,NA
1318, Unsettled,4.2,7.0,NA,NA,NA,NA,NA,NA,NA
1319, Life After the NeverEnding Story,NA,NA,NA,NA,NA,NA,NA,NA,NA
1320, The Occupant,NA,NA,NA,NA,NA,NA,NA,NA,NA
1321, The Experiment,NA,NA,NA,NA,NA,NA,NA,NA,NA
1322, Fairytale,NA,NA,NA,NA,NA,NA,NA,NA,NA
1323, BD Scream 7,NA,NA,NA,NA,NA,NA,NA,NA,NA
1324, Balestra,NA,NA,NA,NA,NA,NA,NA,NA,NA
1325, Trouble Man!,NA,NA,NA,NA,NA,NA,NA,NA,NA
1326, Sue Bird: In the Clutch,6.1,13.0,NA,NA,NA,NA,NA,NA,NA
1327, A Fall from Grace,NA,NA,NA,NA,NA,NA,NA,NA,NA
1328, Hope of Escape,NA,NA,NA,NA,NA,NA,NA,NA,NA
1329, The Eagle Has Landed,NA,NA,NA,NA,NA,NA,NA,NA,NA
1330, Jodie,NA,NA,NA,NA,NA,NA,NA,NA,NA
1331, Angel of Death,NA,NA,NA,NA,NA,NA,NA,NA,NA
1332, Sunrise,6.8,37.0,NA,NA,NA,NA,NA,NA,NA
1333, Night of the Zoopocalypse,NA,NA,NA,NA,NA,NA,NA,NA,NA
1334, Electric Feel,NA,NA,NA,NA,NA,NA,NA,NA,NA
1335, Untitled Star Wars Trilogy: Episode I,NA,NA,NA,NA,NA,NA,NA,NA,NA
1336, The Designated Hitters,NA,NA,NA,NA,NA,NA,NA,NA,NA
1337, A Wall Away,5.1,64.0,NA,NA,NA,NA,NA,NA,NA
1338, Look Into My Eyes,6.8,9.0,NA,NA,NA,NA,NA,NA,NA
1339, Divorce in the Black,NA,NA,NA,NA,NA,NA,NA,NA,NA
1340, Jonty,NA,NA,NA,NA,NA,NA,NA,NA,NA
1341, Untitled Kevin Costner/Ariel Vromen Project,NA,NA,NA,NA,NA,NA,NA,NA,NA
1342, Eco Village,6.8,12.0,NA,NA,NA,NA,NA,NA,NA
1343, Speed of Light,NA,NA,NA,NA,NA,NA,NA,NA,NA
1344, Jenny Slate: Seasoned Professional,NA,NA,NA,NA,NA,NA,NA,NA,NA
1345, Untitled Tony Accardo/Sam Giancana Biopic,NA,NA,NA,NA,NA,NA,NA,NA,NA
1346, A Childhood History Plan,NA,NA,NA,NA,NA,NA,NA,NA,NA
1347, Bread Head,NA,NA,NA,NA,NA,NA,NA,NA,NA
1348, Thrilla in Manila,NA,NA,NA,NA,NA,NA,NA,NA,NA
1349, Silent Retreat,NA,NA,NA,NA,NA,NA,NA,NA,NA
1350, Godless,NA,NA,NA,NA,NA,NA,NA,NA,NA
1351, In Tenebras: Into the Darkness,NA,NA,NA,NA,NA,NA,NA,NA,NA
1352, The Last Five Days: The Freak Building,9.8,6.0,NA,NA,NA,NA,NA,NA,NA
1353, Staycation,NA,NA,NA,NA,NA,NA,NA,NA,NA
1354, Peter Rabid,NA,NA,NA,NA,NA,NA,NA,NA,NA
1355, Lake George,NA,NA,NA,NA,NA,NA,NA,NA,NA
1356, Paper Plates,NA,NA,NA,NA,NA,NA,NA,NA,NA
1357, McClane,NA,NA,NA,NA,NA,NA,NA,NA,NA
1358, Kalahari,NA,NA,NA,NA,NA,NA,NA,NA,NA
1359, The Machine,NA,NA,NA,NA,NA,NA,NA,NA,NA
1360, And So It Begins,5.5,21.0,NA,NA,NA,NA,NA,NA,NA
1361, Untitled Hobbs & Shaw Sequel,NA,NA,NA,NA,NA,NA,NA,NA,NA
1362, Every Little Thing,7.3,20.0,NA,NA,NA,NA,NA,NA,NA
1363, Black Diamond,NA,NA,NA,NA,NA,NA,NA,NA,NA
1364, LA Grit,NA,NA,NA,NA,NA,NA,NA,NA,NA
1365, The Kidnapping of Edgardo Mortara,NA,NA,NA,NA,NA,NA,NA,NA,NA
1366, Winds of Transition,NA,NA,NA,NA,NA,NA,NA,NA,NA
1367, Offworld,NA,NA,NA,NA,NA,NA,NA,NA,NA
1368, Two Neighbors,NA,NA,NA,NA,NA,NA,NA,NA,NA
1369, Fight Another Day,NA,NA,NA,NA,NA,NA,NA,NA,NA
1370, Molly and the Moon,NA,NA,NA,NA,NA,NA,NA,NA,NA
1371, Cruel Hands,NA,NA,NA,NA,NA,NA,NA,NA,NA
1372, Crust,NA,NA,NA,NA,NA,NA,NA,NA,NA
1373, Queen Rock Montreal,8.8,173.0,NA,NA,NA,NA,NA,NA,NA
1374, Girl Who Fell from the Sky,NA,NA,NA,NA,NA,NA,NA,NA,NA
1375, Horror in the High Desert 3: Firewatch,NA,NA,NA,NA,NA,NA,NA,NA,NA
1376, Waterwick,NA,NA,NA,NA,NA,NA,NA,NA,NA
1377, Mandrake the Magician,NA,NA,NA,NA,NA,NA,NA,NA,NA
1378, Wieland,NA,NA,NA,NA,NA,NA,NA,NA,NA
1379, The Riker's Ghost,NA,NA,NA,NA,NA,NA,NA,NA,NA
1380, Park Avenue,NA,NA,NA,NA,NA,NA,NA,NA,NA
1381, Boot Camp,NA,NA,NA,NA,NA,NA,NA,NA,NA
1382, Prom Dates,NA,NA,NA,NA,NA,NA,NA,NA,NA
1383, My Only Sunshine,NA,NA,NA,NA,NA,NA,NA,NA,NA
1384, Untitled Ryan Coogler Project,NA,NA,NA,NA,NA,NA,NA,NA,NA
1385, Forever,NA,NA,NA,NA,NA,NA,NA,NA,NA
1386, Matter of Time,NA,NA,NA,NA,NA,NA,NA,NA,NA
1387, Wild Four O'Clocks,NA,NA,NA,NA,NA,NA,NA,NA,NA
1388, MacGruber 2,NA,NA,NA,NA,NA,NA,NA,NA,NA
1389, The Lemurian Candidate,NA,NA,NA,NA,NA,NA,NA,NA,NA
1390, Final Recovery,NA,NA,NA,NA,NA,NA,NA,NA,NA
1391," MoviePass, MovieCrash",NA,NA,NA,NA,NA,NA,NA,NA,NA
1392, Sniff,NA,NA,NA,NA,NA,NA,NA,NA,NA
1393, Green Bank,NA,NA,NA,NA,NA,NA,NA,NA,NA
1394, Better Than Fine,7.7,26.0,NA,NA,NA,NA,NA,NA,NA
1395, Filthy Animals,NA,NA,NA,NA,NA,NA,NA,NA,NA
1396, The War Between,NA,NA,NA,NA,NA,NA,NA,NA,NA
1397, The Informationist,NA,NA,NA,NA,NA,NA,NA,NA,NA
1398, Switch Up,NA,NA,NA,NA,NA,NA,NA,NA,NA
1399, Dahomey,NA,NA,NA,NA,NA,NA,NA,NA,NA
1400, Black Hole,NA,NA,NA,NA,NA,NA,NA,NA,NA
1401, Legend of the Lizard,NA,NA,NA,NA,NA,NA,NA,NA,NA
1402, Go Away,NA,NA,NA,NA,NA,NA,NA,NA,NA
1403, The Housewife and the Hustler 2: The Reckoning,6.9,11.0,NA,NA,NA,NA,NA,NA,NA
1404, The Man Who Made It Snow,NA,NA,NA,NA,NA,NA,NA,NA,NA
1405, No New Friends,4.4,25.0,NA,NA,NA,NA,NA,NA,NA
1406, Birth of a Savage,NA,NA,NA,NA,NA,NA,NA,NA,NA
1407, A Farewell to Arms,NA,NA,NA,NA,NA,NA,NA,NA,NA
1408, 213 Bones,NA,NA,NA,NA,NA,NA,NA,NA,NA
1409, Gone with the Dead the Movie,NA,NA,NA,NA,NA,NA,NA,NA,NA
1410, Alien 51,NA,NA,NA,NA,NA,NA,NA,NA,NA
1411, The Accident,NA,NA,NA,NA,NA,NA,NA,NA,NA
1412, Monopoly,NA,NA,NA,NA,NA,NA,NA,NA,NA
1413, Things Will Be Different,NA,NA,NA,NA,NA,NA,NA,NA,NA
1414, Wingman,NA,NA,NA,NA,NA,NA,NA,NA,NA
1415, Stop-Motion,NA,NA,NA,NA,NA,NA,NA,NA,NA
1416, The Great American Action Hero,NA,NA,NA,NA,NA,NA,NA,NA,NA
1417, House of Stairs,NA,NA,NA,NA,NA,NA,NA,NA,NA
1418, The Cheaters Handbook,NA,NA,NA,NA,NA,NA,NA,NA,NA
1419, Apacheria,NA,NA,NA,NA,NA,NA,NA,NA,NA
1420, The Force,NA,NA,NA,NA,NA,NA,NA,NA,NA
1421, Brooklyn,NA,NA,NA,NA,NA,NA,NA,NA,NA
1422, The Trouble,NA,NA,NA,NA,NA,NA,NA,NA,NA
1423, Tim Travers & the Time Travelers Paradox,NA,NA,NA,NA,NA,NA,NA,NA,NA
1424, A Beautiful Imperfection,NA,NA,NA,NA,NA,NA,NA,NA,NA
1425, A Flash of Beauty: Paranormal Bigfoot,NA,NA,NA,NA,NA,NA,NA,NA,NA
1426, Solitary,NA,NA,NA,NA,NA,NA,NA,NA,NA
1427, Chippendales,NA,NA,NA,NA,NA,NA,NA,NA,NA
1428, Sweet Vengeance,NA,NA,NA,NA,NA,NA,NA,NA,NA
1429, Strobe,NA,NA,NA,NA,NA,NA,NA,NA,NA
1430, Not Fade Away,NA,NA,NA,NA,NA,NA,NA,NA,NA
1431, Save the Green Planet!,NA,NA,NA,NA,NA,NA,NA,NA,NA
1432, The Faith of Angels,NA,NA,NA,NA,NA,NA,NA,NA,NA
1433, Malaika,8.8,22.0,NA,NA,NA,NA,NA,NA,NA
1434, The American Miracle,NA,NA,NA,NA,NA,NA,NA,NA,NA
1435, Boundary Waters,NA,NA,NA,NA,NA,NA,NA,NA,NA
1436, Bitter Root,NA,NA,NA,NA,NA,NA,NA,NA,NA
1437, One Thousand Paper Cranes,NA,NA,NA,NA,NA,NA,NA,NA,NA
1438, Upon Waking,NA,NA,NA,NA,NA,NA,NA,NA,NA
1439, Forever Us,5.8,79.0,NA,NA,NA,NA,NA,NA,NA
1440, Bloodline Killer,NA,NA,NA,NA,NA,NA,NA,NA,NA
1441, Maestro,NA,NA,NA,NA,NA,NA,NA,NA,NA
1442, Arrested Development,NA,NA,NA,NA,NA,NA,NA,NA,NA
1443, LANE: Life | Legend | Legacy,NA,NA,NA,NA,NA,NA,NA,NA,NA
1444, Teacher's Pet,NA,NA,NA,NA,NA,NA,NA,NA,NA
1445, Skin Deep,NA,NA,NA,NA,NA,NA,NA,NA,NA
1446, Kill Them All,NA,NA,NA,NA,NA,NA,NA,NA,NA
1447, Wish Dragon 2,NA,NA,NA,NA,NA,NA,NA,NA,NA
1448, DIG! XX,NA,NA,NA,NA,NA,NA,NA,NA,NA
1449, House/Wife,NA,NA,NA,NA,NA,NA,NA,NA,NA
1450, Own Worst Enemy,NA,NA,NA,NA,NA,NA,NA,NA,NA
1451, I Am: Celine Dion,NA,NA,NA,NA,NA,NA,NA,NA,NA
1452, Mannequin,NA,NA,NA,NA,NA,NA,NA,NA,NA
1453, The Strangers: Chapter 2,NA,NA,NA,NA,NA,NA,NA,NA,NA
1454, The Snatcher,NA,NA,NA,NA,NA,NA,NA,NA,NA
1455, For Life,NA,NA,NA,NA,NA,NA,NA,NA,NA
1456, Sisters,NA,NA,NA,NA,NA,NA,NA,NA,NA
1457, Dead Wrong,NA,NA,NA,NA,NA,NA,NA,NA,NA
1458, Untitled Nikita Project,NA,NA,NA,NA,NA,NA,NA,NA,NA
1459, Made in England,NA,NA,NA,NA,NA,NA,NA,NA,NA
1460, A Case for Love,NA,NA,NA,NA,NA,NA,NA,NA,NA
1461, Big City Greens: The Movie,NA,NA,NA,NA,NA,NA,NA,NA,NA
1462, Deadpool Just Another Day,NA,NA,NA,NA,NA,NA,NA,NA,NA
1463, SFZ Stealth Force Z,NA,NA,NA,NA,NA,NA,NA,NA,NA
1464, Andorra,NA,NA,NA,NA,NA,NA,NA,NA,NA
1465, The Gymnast,NA,NA,NA,NA,NA,NA,NA,NA,NA
1466, Mommy Meanest,NA,NA,NA,NA,NA,NA,NA,NA,NA
1467, Jonah,NA,NA,NA,NA,NA,NA,NA,NA,NA
1468, The 100 Year-Old Man Who Climbed Out the Window and Disappeared,NA,NA,NA,NA,NA,NA,NA,NA,NA
1469, First Shift,NA,NA,NA,NA,NA,NA,NA,NA,NA
1470, Stiletto,NA,NA,NA,NA,NA,NA,NA,NA,NA
1471, Audrey,NA,NA,NA,NA,NA,NA,NA,NA,NA
1472, Killer Pizza,NA,NA,NA,NA,NA,NA,NA,NA,NA
1473, Cellar Door,NA,NA,NA,NA,NA,NA,NA,NA,NA
1474, Drowning,NA,NA,NA,NA,NA,NA,NA,NA,NA
1475, Crenshaw,NA,NA,NA,NA,NA,NA,NA,NA,NA
1476, After the Thunderstorm,NA,NA,NA,NA,NA,NA,NA,NA,NA
1477, DNA Secrets,NA,NA,NA,NA,NA,NA,NA,NA,NA
1478, The Back Country,NA,NA,NA,NA,NA,NA,NA,NA,NA
1479, Sisterhood of the Traveling Pants 3,NA,NA,NA,NA,NA,NA,NA,NA,NA
1480, The Grove,NA,NA,NA,NA,NA,NA,NA,NA,NA
1481, Stealing Pulp Fiction,NA,NA,NA,NA,NA,NA,NA,NA,NA
1482, The Sinister Six,NA,NA,NA,NA,NA,NA,NA,NA,NA
1483, The Invisibles,NA,NA,NA,NA,NA,NA,NA,NA,NA
1484, Tempest,NA,NA,NA,NA,NA,NA,NA,NA,NA
1485, Orbital,NA,NA,NA,NA,NA,NA,NA,NA,NA
1486, Akira,NA,NA,NA,NA,NA,NA,NA,NA,NA
1487, Bruno Penguin and the Staten Island Princess,NA,NA,NA,NA,NA,NA,NA,NA,NA
1488, Seance on a Wet Afternoon,NA,NA,NA,NA,NA,NA,NA,NA,NA
1489, The Backrooms,NA,NA,NA,NA,NA,NA,NA,NA,NA
1490, The Hallowed Knight,NA,NA,NA,NA,NA,NA,NA,NA,NA
1491, Grounded,NA,NA,NA,NA,NA,NA,NA,NA,NA
1492, FEEL,NA,NA,NA,NA,NA,NA,NA,NA,NA
1493, Source,NA,NA,NA,NA,NA,NA,NA,NA,NA
1494, Lives of Wolves,NA,NA,NA,NA,NA,NA,NA,NA,NA
1495, Dead Giveaway,NA,NA,NA,NA,NA,NA,NA,NA,NA
1496, Blood on the Bleachers,NA,NA,NA,NA,NA,NA,NA,NA,NA
1497, Stormy,NA,NA,NA,NA,NA,NA,NA,NA,NA
1498, On the Market,NA,NA,NA,NA,NA,NA,NA,NA,NA
1499, Hanky Panky,NA,NA,NA,NA,NA,NA,NA,NA,NA
1500, When Worlds Collide,NA,NA,NA,NA,NA,NA,NA,NA,NA
1501, Nicktoons,NA,NA,NA,NA,NA,NA,NA,NA,NA
1502, SCP: Pestilence,NA,NA,NA,NA,NA,NA,NA,NA,NA
1503, We're Wolves,NA,NA,NA,NA,NA,NA,NA,NA,NA
1504, Nicola Bulley: The Disappearance That Gripped Britain,6.2,17.0,NA,NA,NA,NA,NA,NA,NA
1505, BirdsEye,NA,NA,NA,NA,NA,NA,NA,NA,NA
1506, Super Dicks,NA,NA,NA,NA,NA,NA,NA,NA,NA
1507, Puddysticks,NA,NA,NA,NA,NA,NA,NA,NA,NA
1508, One Stupid Thing,NA,NA,NA,NA,NA,NA,NA,NA,NA
1509, Flathead,8.1,10.0,NA,NA,NA,NA,NA,NA,NA
1510, Hot Wheels,NA,NA,NA,NA,NA,NA,NA,NA,NA
1511, Tank Girl,NA,NA,NA,NA,NA,NA,NA,NA,NA
1512, Little Emma,NA,NA,NA,NA,NA,NA,NA,NA,NA
1513, It's Time,NA,NA,NA,NA,NA,NA,NA,NA,NA
1514, The Final Load,NA,NA,NA,NA,NA,NA,NA,NA,NA
1515, Uptown Saturday Night,NA,NA,NA,NA,NA,NA,NA,NA,NA
1516, A Walking Miracle,NA,NA,NA,NA,NA,NA,NA,NA,NA
1517, The Selection,NA,NA,NA,NA,NA,NA,NA,NA,NA
1518, Spaceless,NA,NA,NA,NA,NA,NA,NA,NA,NA
1519, Taken from Rio Bravo,NA,NA,NA,NA,NA,NA,NA,NA,NA
1520, Half-Life,NA,NA,NA,NA,NA,NA,NA,NA,NA
1521, Outside,NA,NA,NA,NA,NA,NA,NA,NA,NA
1522, Kryptic,NA,NA,NA,NA,NA,NA,NA,NA,NA
1523, Apophenia,NA,NA,NA,NA,NA,NA,NA,NA,NA
1524, Crescendo,8.7,11.0,NA,NA,NA,NA,NA,NA,NA
1525, Latency,NA,NA,NA,NA,NA,NA,NA,NA,NA
1526, The Midway Point,NA,NA,NA,NA,NA,NA,NA,NA,NA
1527, Gotham City Sirens,NA,NA,NA,NA,NA,NA,NA,NA,NA
1528, Desert Dawn,NA,NA,NA,NA,NA,NA,NA,NA,NA
1529, Diving Into the Darkness,NA,NA,NA,NA,NA,NA,NA,NA,NA
1530, Hitman 2,NA,NA,NA,NA,NA,NA,NA,NA,NA
1531, Hair of the Bear,NA,NA,NA,NA,NA,NA,NA,NA,NA
1532, Don't Log Off,NA,NA,NA,NA,NA,NA,NA,NA,NA
1533, The Defender,NA,NA,NA,NA,NA,NA,NA,NA,NA
1534, Untitled Sony/Marvel Project,NA,NA,NA,NA,NA,NA,NA,NA,NA
1535, My Sister's Bones,NA,NA,NA,NA,NA,NA,NA,NA,NA
1536, The Islander,NA,NA,NA,NA,NA,NA,NA,NA,NA
1537, Exit West,NA,NA,NA,NA,NA,NA,NA,NA,NA
1538, Mega Man,NA,NA,NA,NA,NA,NA,NA,NA,NA
1539, Saturn,NA,NA,NA,NA,NA,NA,NA,NA,NA
1540, After All,NA,NA,NA,NA,NA,NA,NA,NA,NA
1541, Dream Team,4.9,15.0,NA,NA,NA,NA,NA,NA,NA
1542, The Ogilvy Fortune,NA,NA,NA,NA,NA,NA,NA,NA,NA
1543, Food Fight,NA,NA,NA,NA,NA,NA,NA,NA,NA
1544, Hubbard Street,NA,NA,NA,NA,NA,NA,NA,NA,NA
1545, The Lost Boys,NA,NA,NA,NA,NA,NA,NA,NA,NA
1546, O'Apóstolo: The Road to Redemption,NA,NA,NA,NA,NA,NA,NA,NA,NA
1547, Wanted 2,NA,NA,NA,NA,NA,NA,NA,NA,NA
1548, Discussion Materials,NA,NA,NA,NA,NA,NA,NA,NA,NA
1549, The Red Queen,NA,NA,NA,NA,NA,NA,NA,NA,NA
1550, Sentinelese,NA,NA,NA,NA,NA,NA,NA,NA,NA
1551, The Long Game,NA,NA,NA,NA,NA,NA,NA,NA,NA
1552, Open Wounds,NA,NA,NA,NA,NA,NA,NA,NA,NA
1553, Year of the Fox,NA,NA,NA,NA,NA,NA,NA,NA,NA
1554, Reaching for Zion,NA,NA,NA,NA,NA,NA,NA,NA,NA
1555, John Henry and the Statesmen,NA,NA,NA,NA,NA,NA,NA,NA,NA
1556, 76 Days,NA,NA,NA,NA,NA,NA,NA,NA,NA
1557, Valiant One,NA,NA,NA,NA,NA,NA,NA,NA,NA
1558, Okie,NA,NA,NA,NA,NA,NA,NA,NA,NA
1559, Sister Úna Lived a Good Death,NA,NA,NA,NA,NA,NA,NA,NA,NA
1560, The Maven,NA,NA,NA,NA,NA,NA,NA,NA,NA
1561, Eno,7.1,13.0,62,Documentary,NA,NA,NA,Brian Eno,Gary Hustwit
1562, Orang Ikan,NA,NA,NA,NA,NA,NA,NA,NA,NA
1563, Left on Red,NA,NA,NA,NA,NA,NA,NA,NA,NA
1564, I Saw the Devil,NA,NA,NA,NA,NA,NA,NA,NA,NA
1565, The Twits,NA,NA,NA,NA,NA,NA,NA,NA,NA
1566, Portal,NA,NA,NA,NA,NA,NA,NA,NA,NA
1567, Tangled,NA,NA,NA,NA,NA,NA,NA,NA,NA
1568, Someone Dies Tonight,NA,NA,NA,NA,NA,NA,NA,NA,NA
1569, Women in the Castle,NA,NA,NA,NA,NA,NA,NA,NA,NA
1570, African Giants,9.5,13.0,NA,NA,NA,NA,NA,NA,NA
1571, Christmas Couples Retreat,NA,NA,NA,NA,NA,NA,NA,NA,NA
1572, Veselka: The Rainbow on the Corner at the Center of the World,NA,NA,NA,NA,NA,NA,NA,NA,NA
1573, Tuesday's Flu,NA,NA,NA,NA,NA,NA,NA,NA,NA
1574, Blue Eyed Samurai,NA,NA,NA,NA,NA,NA,NA,NA,NA
1575, What Alice Forgot,NA,NA,NA,NA,NA,NA,NA,NA,NA
1576, Fortress 3,NA,NA,NA,NA,NA,NA,NA,NA,NA
1577, Street Justice,NA,NA,NA,NA,NA,NA,NA,NA,NA
1578, Land of Legend,NA,NA,NA,NA,NA,NA,NA,NA,NA
1579, Maya Lord,NA,NA,NA,NA,NA,NA,NA,NA,NA
1580, 99 Days,NA,NA,NA,NA,NA,NA,NA,NA,NA
1581, Meet Me Next Christmas,NA,NA,NA,NA,NA,NA,NA,NA,NA
1582, 7 Keys,NA,NA,NA,NA,NA,NA,NA,NA,NA
1583, Shanghai Dawn,NA,NA,NA,NA,NA,NA,NA,NA,NA
1584, Space Kids,5.0,31.0,NA,NA,NA,NA,NA,NA,NA
1585, Don't Say It,NA,NA,NA,NA,NA,NA,NA,NA,NA
1586, The Polar Express 2,NA,NA,NA,NA,NA,NA,NA,NA,NA
1587, Woken,NA,NA,NA,NA,NA,NA,NA,NA,NA
1588, The Shelter,NA,NA,NA,NA,NA,NA,NA,NA,NA
1589, Payne & Redemption,NA,NA,NA,NA,NA,NA,NA,NA,NA
1590, A Shared Secret,NA,NA,NA,NA,NA,NA,NA,NA,NA
1591, Pig Hill,NA,NA,NA,NA,NA,NA,NA,NA,NA
1592, Balto IV: Wolf Destiny - Part One,NA,NA,NA,NA,NA,NA,NA,NA,NA
1593, Buster Brooks,NA,NA,NA,NA,NA,NA,NA,NA,NA
1594, He Who Findeth,NA,NA,NA,NA,NA,NA,NA,NA,NA
1595, Mama 2,NA,NA,NA,NA,NA,NA,NA,NA,NA
1596, Canvas,NA,NA,NA,NA,NA,NA,NA,NA,NA
1597, Liked,NA,NA,NA,NA,NA,NA,NA,NA,NA
1598, The Inn at the Edge of the World,NA,NA,NA,NA,NA,NA,NA,NA,NA
1599, The Fetus,NA,NA,NA,NA,NA,NA,NA,NA,NA
1600, King Frankie,NA,NA,NA,NA,NA,NA,NA,NA,NA
1601, Take Me to Banaue,NA,NA,NA,NA,NA,NA,NA,NA,NA
1602, Earthfall,NA,NA,NA,NA,NA,NA,NA,NA,NA
1603, Thirsty,NA,NA,NA,NA,NA,NA,NA,NA,NA
1604, The Problem with People,NA,NA,NA,NA,NA,NA,NA,NA,NA
1605, Normal,NA,NA,NA,NA,NA,NA,NA,NA,NA
1606, Satisfaction,NA,NA,NA,NA,NA,NA,NA,NA,NA
1607, The Penguin & The Fisherman,NA,NA,NA,NA,NA,NA,NA,NA,NA
1608, I Win,NA,NA,NA,NA,NA,NA,NA,NA,NA
1609, Model House,NA,NA,NA,NA,NA,NA,NA,NA,NA
1610," Time, the Fourth Dimension",NA,NA,NA,NA,NA,NA,NA,NA,NA
1611, The Treatment,NA,NA,NA,NA,NA,NA,NA,NA,NA
1612, This Beast,NA,NA,NA,NA,NA,NA,NA,NA,NA
1613, Sarah,NA,NA,NA,NA,NA,NA,NA,NA,NA
1614, Ingress,NA,NA,NA,NA,NA,NA,NA,NA,NA
1615, M.A.S.K.: Mobile Armored Strike Kommand,NA,NA,NA,NA,NA,NA,NA,NA,NA
1616, The Rhythm and the Blues,8.4,7.0,NA,NA,NA,NA,NA,NA,NA
1617, The Slasher Nurse,NA,NA,NA,NA,NA,NA,NA,NA,NA
1618, Days of Abandonment,NA,NA,NA,NA,NA,NA,NA,NA,NA
1619, Ruin,NA,NA,NA,NA,NA,NA,NA,NA,NA
1620, Gracie and Pedro: Pets to the Rescue,NA,NA,NA,NA,NA,NA,NA,NA,NA
1621, Smile Maker Valentine's Day Massacre,NA,NA,NA,NA,NA,NA,NA,NA,NA
1622, Delilah,NA,NA,NA,NA,NA,NA,NA,NA,NA
1623, The Haunted Studio,4.3,17.0,NA,NA,NA,NA,NA,NA,NA
1624, Firecracker,NA,NA,NA,NA,NA,NA,NA,NA,NA
1625, Yasuke,NA,NA,NA,NA,NA,NA,NA,NA,NA
1626," My War Gone By, I Miss It So",NA,NA,NA,NA,NA,NA,NA,NA,NA
1627, Alice in Wonderland,NA,NA,NA,NA,NA,NA,NA,NA,NA
1628, The Authority,NA,NA,NA,NA,NA,NA,NA,NA,NA
1629, Lone Star Bull,NA,NA,NA,NA,NA,NA,NA,NA,NA
1630, Hell House,NA,NA,NA,NA,NA,NA,NA,NA,NA
1631, Griffin in Summer,NA,NA,NA,NA,NA,NA,NA,NA,NA
1632, Jeff the Killer,NA,NA,NA,NA,NA,NA,NA,NA,NA
1633, The Girl 2,NA,NA,NA,NA,NA,NA,NA,NA,NA
1634, Matt Helm,NA,NA,NA,NA,NA,NA,NA,NA,NA
1635, The Man Who Saved the Internet with a Sunflower,NA,NA,NA,NA,NA,NA,NA,NA,NA
1636, Game of Death - The six Doors to Hell,NA,NA,NA,NA,NA,NA,NA,NA,NA
1637, The Queen of Heaven,NA,NA,NA,NA,NA,NA,NA,NA,NA
1638, Intelligent Life,NA,NA,NA,NA,NA,NA,NA,NA,NA
1639, The Lifeboat,NA,NA,NA,NA,NA,NA,NA,NA,NA
1640, El Muerto,NA,NA,NA,NA,NA,NA,NA,NA,NA
1641, The Mistress,NA,NA,NA,NA,NA,NA,NA,NA,NA
1642, Untitled Reba McEntire Project,NA,NA,NA,NA,NA,NA,NA,NA,NA
1643, Messy,NA,NA,NA,NA,NA,NA,NA,NA,NA
1644, Sukkwan Island,NA,NA,NA,NA,NA,NA,NA,NA,NA
1645, Lange,NA,NA,NA,NA,NA,NA,NA,NA,NA
1646, Fever Heart,NA,NA,NA,NA,NA,NA,NA,NA,NA
1647, Black Angel,NA,NA,NA,NA,NA,NA,NA,NA,NA
1648, Twilight of the Dead,NA,NA,NA,NA,NA,NA,NA,NA,NA
1649, High in the Clouds,NA,NA,NA,NA,NA,NA,NA,NA,NA
1650, Demon Castle,9.5,23.0,NA,NA,NA,NA,NA,NA,NA
1651, A Mother for an Hour,NA,NA,NA,NA,NA,NA,NA,NA,NA
1652, Little Falls,NA,NA,NA,NA,NA,NA,NA,NA,NA
1653, K-POPS!,NA,NA,NA,NA,NA,NA,NA,NA,NA
1654, Cold Blows the Wind,NA,NA,NA,NA,NA,NA,NA,NA,NA
1655, Valentine's Town,NA,NA,NA,NA,NA,NA,NA,NA,NA
1656, World War 3,NA,NA,NA,NA,NA,NA,NA,NA,NA
1657, Therapy,NA,NA,NA,NA,NA,NA,NA,NA,NA
1658, 1906,NA,NA,NA,NA,NA,NA,NA,NA,NA
1659, Nocturnes,7.0,20.0,NA,NA,NA,NA,NA,NA,NA
1660, Stay at Home,NA,NA,NA,NA,NA,NA,NA,NA,NA
1661, A Hustler's Son 2,NA,NA,NA,NA,NA,NA,NA,NA,NA
1662, Kangaroo Kids,6.9,16.0,NA,NA,NA,NA,NA,NA,NA
1663, The Last Tiger,NA,NA,NA,NA,NA,NA,NA,NA,NA
1664, Prey by Night,NA,NA,NA,NA,NA,NA,NA,NA,NA
1665, Zoo,NA,NA,NA,NA,NA,NA,NA,NA,NA
1666, Violent Starr,NA,NA,NA,NA,NA,NA,NA,NA,NA
1667, Inherit the Witch,NA,NA,NA,NA,NA,NA,NA,NA,NA
1668, The Omicron Killer,NA,NA,NA,NA,NA,NA,NA,NA,NA
1669, Roofman,NA,NA,NA,NA,NA,NA,NA,NA,NA
1670, Beyond the Unknown,NA,NA,NA,NA,NA,NA,NA,NA,NA
1671, Summer Gold,NA,NA,NA,NA,NA,NA,NA,NA,NA
1672, Spending Some Time Together,7.2,17.0,NA,NA,NA,NA,NA,NA,NA
1673, Bang Bang,NA,NA,NA,NA,NA,NA,NA,NA,NA
1674, Live at the Greek,NA,NA,NA,NA,NA,NA,NA,NA,NA
1675, Scarface,NA,NA,NA,NA,NA,NA,NA,NA,NA
1676, New Me,NA,NA,NA,NA,NA,NA,NA,NA,NA
1677, The Highgate Vampyre,NA,NA,NA,NA,NA,NA,NA,NA,NA
1678, Crypto Shadows,5.7,10.0,NA,NA,NA,NA,NA,NA,NA
1679, The Movie Man,NA,NA,NA,NA,NA,NA,NA,NA,NA
1680, Extortion 17,NA,NA,NA,NA,NA,NA,NA,NA,NA
1681, Deathstroke,NA,NA,NA,NA,NA,NA,NA,NA,NA
1682, Six Feet Apart,NA,NA,NA,NA,NA,NA,NA,NA,NA
1683, Spin,NA,NA,NA,NA,NA,NA,NA,NA,NA
1684, The Narrows,NA,NA,NA,NA,NA,NA,NA,NA,NA
1685, Cursed Waters,NA,NA,NA,NA,NA,NA,NA,NA,NA
1686, Bloodlines,NA,NA,NA,NA,NA,NA,NA,NA,NA
1687, Heart Land,NA,NA,NA,NA,NA,NA,NA,NA,NA
1688, Just A Farmer,NA,NA,NA,NA,NA,NA,NA,NA,NA
1689, ElemenTory,9.0,6.0,NA,NA,NA,NA,NA,NA,NA
1690, Love Kills,NA,NA,NA,NA,NA,NA,NA,NA,NA
1691, Pursued,NA,NA,NA,NA,NA,NA,NA,NA,NA
1692, Untitled Vertigo Remake,NA,NA,NA,NA,NA,NA,NA,NA,NA
1693, Lifeline,NA,NA,NA,NA,NA,NA,NA,NA,NA
1694, My Mercury,7.6,18.0,NA,NA,NA,NA,NA,NA,NA
1695, The Sound,NA,NA,NA,NA,NA,NA,NA,NA,NA
1696, Mike Epps: Ready to Sell Out,NA,NA,NA,NA,NA,NA,NA,NA,NA
1697, The Masters of Mini-Golf,NA,NA,NA,NA,NA,NA,NA,NA,NA
1698, Silent Zone,NA,NA,NA,NA,NA,NA,NA,NA,NA
1699, Sole: The Movie,NA,NA,NA,NA,NA,NA,NA,NA,NA
1700, A German Life,NA,NA,NA,NA,NA,NA,NA,NA,NA
1701, Team of Two,NA,NA,NA,NA,NA,NA,NA,NA,NA
1702, Somewhere in Montana,NA,NA,NA,NA,NA,NA,NA,NA,NA
1703, Gemini,NA,NA,NA,NA,NA,NA,NA,NA,NA
1704, Alien Legion,NA,NA,NA,NA,NA,NA,NA,NA,NA
1705, Blister,NA,NA,NA,NA,NA,NA,NA,NA,NA
1706, Patsy Lee & The Keepers of the 5 Kingdoms,NA,NA,NA,NA,NA,NA,NA,NA,NA
1707, Slice,NA,NA,NA,NA,NA,NA,NA,NA,NA
1708, When I'm Ready,NA,NA,NA,NA,NA,NA,NA,NA,NA
1709, Christspiracy,NA,NA,NA,NA,NA,NA,NA,NA,NA
1710, Queen & Country,NA,NA,NA,NA,NA,NA,NA,NA,NA
1711, Nadia's Request,NA,NA,NA,NA,NA,NA,NA,NA,NA
1712, The Evil Three,8.3,251.0,NA,NA,NA,NA,NA,NA,NA
1713, Cold Prey,NA,NA,NA,NA,NA,NA,NA,NA,NA
1714, Evergreen Pines and the Fading Summer,NA,NA,NA,NA,NA,NA,NA,NA,NA
1715, Karma's a Bitch,NA,NA,NA,NA,NA,NA,NA,NA,NA
1716, Water Mafia,NA,NA,NA,NA,NA,NA,NA,NA,NA
1717, Mr. K,NA,NA,NA,NA,NA,NA,NA,NA,NA
1718, The Little Bedroom,NA,NA,NA,NA,NA,NA,NA,NA,NA
1719, Innocent Shots,NA,NA,NA,NA,NA,NA,NA,NA,NA
1720, Capture the Flag,NA,NA,NA,NA,NA,NA,NA,NA,NA
1721, The Jester from Transylvania,NA,NA,NA,NA,NA,NA,NA,NA,NA
1722, An American Werewolf in London,NA,NA,NA,NA,NA,NA,NA,NA,NA
1723, Breakup Season,NA,NA,NA,NA,NA,NA,NA,NA,NA
1724, Site,NA,NA,NA,NA,NA,NA,NA,NA,NA
1725, Death Do Us Part,NA,NA,NA,NA,NA,NA,NA,NA,NA
1726, The Boy from Below,NA,NA,NA,NA,NA,NA,NA,NA,NA
1727, Even the Score,NA,NA,NA,NA,NA,NA,NA,NA,NA
1728, Dark Side,NA,NA,NA,NA,NA,NA,NA,NA,NA
1729, My Father's Fiancé,NA,NA,NA,NA,NA,NA,NA,NA,NA
1730, Empire Waist,NA,NA,NA,NA,NA,NA,NA,NA,NA
1731, Corpus Christi,NA,NA,NA,NA,NA,NA,NA,NA,NA
1732, Waiting for the End,NA,NA,NA,NA,NA,NA,NA,NA,NA
1733, Steal Away,NA,NA,NA,NA,NA,NA,NA,NA,NA
1734, From the Corner of My Eye,NA,NA,NA,NA,NA,NA,NA,NA,NA
1735, It Feeds,NA,NA,NA,NA,NA,NA,NA,NA,NA
1736, 8 Islands,NA,NA,NA,NA,NA,NA,NA,NA,NA
1737, Bigfoot,NA,NA,NA,NA,NA,NA,NA,NA,NA
1738, Sly Cooper,NA,NA,NA,NA,NA,NA,NA,NA,NA
1739, Carmen Sandiego,NA,NA,NA,NA,NA,NA,NA,NA,NA
1740, Long Shadows,NA,NA,NA,NA,NA,NA,NA,NA,NA
1741, The Tributaries,NA,NA,NA,NA,NA,NA,NA,NA,NA
1742, A Girl Upstairs,NA,NA,NA,NA,NA,NA,NA,NA,NA
1743, Anita,NA,NA,NA,NA,NA,NA,NA,NA,NA
1744, Untitled We Can Be Heroes Sequel,NA,NA,NA,NA,NA,NA,NA,NA,NA
1745, Frank or Francis,NA,NA,NA,NA,NA,NA,NA,NA,NA
1746, Dance of the Goblins,NA,NA,NA,NA,NA,NA,NA,NA,NA
1747, Together,NA,NA,NA,NA,NA,NA,NA,NA,NA
1748, The 49th Annual People's Choice Awards,NA,NA,NA,NA,NA,NA,NA,NA,NA
1749, The Chinatown Diner,NA,NA,NA,NA,NA,NA,NA,NA,NA
